"행정구역별(시군구)","성별","연령별",2019,2019,2019,2019,2019,2019,2019,2019,2019,2019,2019,2019,2019,2019,2019,2019,2019,2019,2019,2019,2019,2019,2019,2019,2019,2019
"행정구역별(시군구)","성별","연령별",일반가구원,1세대가구-계,1세대가구-부부,1세대가구-부부+미혼형제자매,1세대가구-부부+기타 친인척,1세대가구-가구주+미혼형제자매,1세대가구-가구주+기타 친인척,1세대가구-기타,2세대가구-계,2세대가구-부부+미혼자녀,2세대가구-부+미혼자녀,2세대가구-모+미혼자녀,2세대가구-부부+양친,2세대가구-부부+한부모,2세대가구-부부+미혼자녀+부부미혼형제자매,2세대가구-조부모+미혼손자녀,2세대가구-조부 또는 조모+미혼손자녀,2세대가구-기타,3세대가구-계,3세대가구-부부+미혼자녀+양친,3세대가구-부부+미혼자녀+부친,3세대가구-부부+미혼자녀+모친,3세대가구-기타,4세대이상 가구,1인가구,비친족가구
"대구광역시","계","합계",2332499,359339,325776,2341,610,18707,1554,10351,1486637,1087815,58279,191504,3264,14583,13546,6348,7201,104097,178146,23380,14104,71157,69505,1385,284416,22576
"대구광역시","계","15세미만",289897,241,X,X,24,118,58,40,258953,218522,8328,22693,X,X,2789,1202,800,4619,30215,4812,3001,11236,11166,323,X,162
"대구광역시","계","15~19세",116524,1045,16,X,6,967,32,21,100794,76437,5179,15048,X,8,693,386,554,2485,10826,1115,842,4682,4187,24,3690,145
"대구광역시","계","20~24세",138834,4313,464,26,20,3593,102,108,102755,71050,6762,18742,43,44,648,442,1021,4003,9728,666,641,4272,4149,36,20916,1086
"대구광역시","계","25~29세",153660,11629,6215,166,31,4828,146,243,102433,68273,6182,19449,111,194,788,301,947,6188,8668,582,564,3707,3815,58,27730,3142
"대구광역시","계","30~34세",131876,16592,13357,229,42,2513,109,342,84807,61170,3392,11982,250,443,1054,58,438,6020,6743,825,577,2280,3061,97,21138,2499
"대구광역시","계","35~39세",167239,12716,10230,166,26,1748,100,446,122085,96121,3395,13021,223,513,1642,13,161,6996,11267,1872,1254,3956,4185,125,19196,1850
"대구광역시","계","40~44세",171737,9683,7413,153,24,1404,105,584,130391,103409,3196,14077,155,475,1686,X,40,7352,12889,2039,1230,5363,4257,69,17148,1557
"대구광역시","계","45~49세",209381,16889,14157,254,22,1425,109,922,153529,117818,4422,18623,232,938,1812,X,8,9673,15206,1805,1229,7061,5111,32,21858,1867
"대구광역시","계","50~54세",210760,28551,25821,278,46,906,148,1352,144089,107634,5289,18191,282,1386,1191,35,15,10066,13147,1070,1023,6616,4438,36,22983,1954
"대구광역시","계","55~59세",208452,50900,47958,369,82,522,152,1817,117893,84180,5061,14219,385,2334,728,230,70,10686,10644,925,673,4943,4103,89,26846,2080
"대구광역시","계","60~64세",174908,66263,63433,332,100,352,161,1885,70393,45116,3246,8924,367,2325,326,553,206,9330,9334,1425,507,3220,4182,119,26831,1968
"대구광역시","계","65~69세",123485,55602,53762,188,71,172,129,1280,36478,19730,1607,5552,223,1294,117,770,294,6891,8572,1767,492,2412,3901,94,21470,1269
"대구광역시","계","70~74세",90289,39774,38770,105,57,88,67,687,23551,10305,949,4117,218,681,41,776,480,5984,8327,1637,460,2515,3715,35,17663,939
"대구광역시","계","75~79세",74618,28022,27429,55,38,37,72,391,18805,5632,673,3729,273,694,24,900,783,6097,9742,1591,590,3384,4177,25,17164,860
"대구광역시","계","80~84세",45796,13063,12828,12,15,24,37,147,11871,1972,413,2066,300,1203,6,525,846,4540,7603,920,566,3136,2981,70,12559,630
"대구광역시","계","85세이상",25043,4056,3923,X,6,10,27,86,7810,446,185,1071,198,2051,X,153,538,3167,5235,329,455,2374,2077,153,7221,568
"대구광역시","남자","합계",1142297,180261,162888,1257,288,9737,751,5340,737238,560120,44061,62618,1632,5500,7399,3226,2604,50078,80793,11882,8629,28631,31651,601,131500,11904
"대구광역시","남자","15세미만",149391,122,X,X,8,66,28,20,133296,112475,4399,11574,X,X,1445,604,423,2376,15716,2518,1491,5857,5850,175,X,81
"대구광역시","남자","15~19세",60065,521,X,X,X,490,18,11,52163,39597,2868,7525,X,X,372,199,299,1303,5641,598,440,2434,2169,13,1650,77
"대구광역시","남자","20~24세",66736,1896,83,13,11,1698,40,51,50352,34811,3582,8890,X,X,341,238,522,1963,4729,307,313,2061,2048,19,9273,467
"대구광역시","남자","25~29세",82626,4687,1948,77,12,2453,80,117,55965,36938,3789,10832,31,44,453,168,546,3164,4636,258,293,2003,2082,30,15620,1688
"대구광역시","남자","30~34세",69862,8210,6532,117,23,1302,70,166,43324,30048,2423,6622,111,193,539,37,326,3025,3115,310,230,1074,1501,40,13678,1495
"대구광역시","남자","35~39세",83505,6940,5665,99,8,873,57,238,58431,45246,2710,5441,132,266,851,6,109,3670,4923,834,547,1698,1844,58,12020,1133
"대구광역시","남자","40~44세",84757,4885,3642,86,16,766,67,308,62180,49517,2829,4473,88,241,886,X,25,4120,6152,1019,617,2415,2101,37,10527,976
"대구광역시","남자","45~49세",102214,7234,5586,142,9,920,63,514,72897,57575,4191,4076,109,380,1029,X,5,5531,7770,1015,632,3396,2727,22,13102,1189
"대구광역시","남자","50~54세",102438,12326,10732,153,20,584,82,755,68779,54633,5184,2076,136,617,716,9,X,5405,7072,610,573,3474,2415,16,13068,1177
"대구광역시","남자","55~59세",101481,21350,19774,205,30,324,70,947,60653,47805,5026,797,179,1025,439,71,8,5303,5422,421,476,2631,1894,31,12839,1186
"대구광역시","남자","60~64세",84610,31385,30003,157,53,164,65,943,37249,27473,3235,253,193,1193,218,206,29,4449,3907,550,464,1177,1716,58,10986,1025
"대구광역시","남자","65~69세",57813,29056,28176,107,38,58,50,627,17863,11998,1605,48,118,729,69,352,28,2916,3088,855,483,310,1440,44,7180,582
"대구광역시","남자","70~74세",40696,22334,21843,61,32,26,23,349,10643,6389,949,9,98,324,24,373,43,2434,2659,833,459,86,1281,24,4673,363
"대구광역시","남자","75~79세",31142,17203,16913,31,18,7,24,210,7454,3760,673,X,135,130,12,485,90,2168,2772,892,590,13,1277,7,3468,238
"대구광역시","남자","80~84세",17332,8950,8861,6,8,5,12,58,4014,1481,413,X,155,138,5,354,77,1390,2012,606,566,X,838,9,2200,147
"대구광역시","남자","85세이상",7629,3162,3130,X,X,X,X,26,1975,374,185,X,145,217,X,122,71,861,1179,256,455,X,468,18,1215,80
"대구광역시","여자","합계",1190202,179078,162888,1084,322,8970,803,5011,749399,527695,14218,128886,1632,9083,6147,3122,4597,54019,97353,11498,5475,42526,37854,784,152916,10672
"대구광역시","여자","15세미만",140506,119,X,X,16,52,30,20,125657,106047,3929,11119,X,X,1344,598,377,2243,14499,2294,1510,5379,5316,148,X,81
"대구광역시","여자","15~19세",56459,524,16,X,5,477,14,10,48631,36840,2311,7523,X,8,321,187,255,1182,5185,517,402,2248,2018,11,2040,68
"대구광역시","여자","20~24세",72098,2417,381,13,9,1895,62,57,52403,36239,3180,9852,41,41,307,204,499,2040,4999,359,328,2211,2101,17,11643,619
"대구광역시","여자","25~29세",71034,6942,4267,89,19,2375,66,126,46468,31335,2393,8617,80,150,335,133,401,3024,4032,324,271,1704,1733,28,12110,1454
"대구광역시","여자","30~34세",62014,8382,6825,112,19,1211,39,176,41483,31122,969,5360,139,250,515,21,112,2995,3628,515,347,1206,1560,57,7460,1004
"대구광역시","여자","35~39세",83734,5776,4565,67,18,875,43,208,63654,50875,685,7580,91,247,791,7,52,3326,6344,1038,707,2258,2341,67,7176,717
"대구광역시","여자","40~44세",86980,4798,3771,67,8,638,38,276,68211,53892,367,9604,67,234,800,X,15,3232,6737,1020,613,2948,2156,32,6621,581
"대구광역시","여자","45~49세",107167,9655,8571,112,13,505,46,408,80632,60243,231,14547,123,558,783,X,X,4142,7436,790,597,3665,2384,10,8756,678
"대구광역시","여자","50~54세",108322,16225,15089,125,26,322,66,597,75310,53001,105,16115,146,769,475,26,12,4661,6075,460,450,3142,2023,20,9915,777
"대구광역시","여자","55~59세",106971,29550,28184,164,52,198,82,870,57240,36375,35,13422,206,1309,289,159,62,5383,5222,504,197,2312,2209,58,14007,894
"대구광역시","여자","60~64세",90298,34878,33430,175,47,188,96,942,33144,17643,11,8671,174,1132,108,347,177,4881,5427,875,43,2043,2466,61,15845,943
"대구광역시","여자","65~69세",65672,26546,25586,81,33,114,79,653,18615,7732,X,5504,105,565,48,418,266,3975,5484,912,9,2102,2461,50,14290,687
"대구광역시","여자","70~74세",49593,17440,16927,44,25,62,44,338,12908,3916,X,4108,120,357,17,403,437,3550,5668,804,X,2429,2434,11,12990,576
"대구광역시","여자","75~79세",43476,10819,10516,24,20,30,48,181,11351,1872,X,3728,138,564,12,415,693,3929,6970,699,X,3371,2900,18,13696,622
"대구광역시","여자","80~84세",28464,4113,3967,6,7,19,25,89,7857,491,X,2065,145,1065,X,171,769,3150,5591,314,X,3134,2143,61,10359,483
"대구광역시","여자","85세이상",17414,894,793,X,5,9,25,60,5835,72,X,1071,53,1834,X,31,467,2306,4056,73,X,2374,1609,135,6006,488
"동부","계","합계",2089499,321313,290904,2080,539,17119,1433,9238,1323921,961999,52577,175551,2856,13077,11862,5806,6557,93636,161880,21215,12693,64669,63303,1216,261173,19996
"동부","계","15세미만",248187,220,X,X,24,109,52,34,220520,185485,7104,19924,X,X,2347,1084,700,3876,27027,4322,2650,10034,10021,284,X,133
"동부","계","15~19세",106575,952,13,X,5,882,31,18,91953,69531,4719,13931,X,6,635,355,513,2259,10023,1027,775,4335,3886,20,3496,131
"동부","계","20~24세",127805,3899,384,22,16,3294,93,90,93798,64533,6185,17380,33,42,596,416,942,3671,8961,622,602,3924,3813,32,20112,1003
"동부","계","25~29세",138772,9860,4971,131,24,4383,131,220,92646,61405,5639,17921,98,171,680,268,868,5596,7877,519,510,3390,3458,52,25549,2788
"동부","계","30~34세",113695,13680,10814,186,26,2255,95,304,73119,51820,3083,10918,210,379,848,56,405,5400,5955,717,489,2016,2733,82,18713,2146
"동부","계","35~39세",143075,10585,8337,138,25,1599,91,395,103833,80686,3006,11760,195,449,1375,12,143,6207,10019,1683,1070,3481,3785,115,16941,1582
"동부","계","40~44세",151056,8239,6192,133,22,1284,97,511,114386,90035,2857,12834,143,409,1485,X,33,6589,11707,1840,1112,4841,3914,55,15305,1364
"동부","계","45~49세",189288,14766,12271,233,20,1330,98,814,138938,106285,3967,17218,218,853,1644,X,6,8744,14036,1683,1137,6504,4712,25,19874,1649
"동부","계","50~54세",191331,25094,22621,250,42,837,144,1200,131337,98006,4840,16787,243,1248,1104,27,12,9070,12055,990,963,6066,4036,32,21061,1752
"동부","계","55~59세",189055,45203,42545,334,70,500,138,1616,107673,76851,4623,13216,329,2091,668,202,56,9637,9633,829,616,4502,3686,77,24628,1841
"동부","계","60~64세",159335,59587,57010,309,88,338,149,1693,64742,41625,3001,8260,312,2096,303,493,177,8475,8374,1266,429,2924,3755,107,24744,1781
"동부","계","65~69세",113365,50672,48995,172,66,159,125,1155,33779,18422,1481,5169,195,1155,114,699,271,6273,7754,1598,431,2175,3550,85,19934,1141
"동부","계","70~74세",83365,36590,35677,98,55,82,65,613,21817,9692,880,3839,198,620,35,711,441,5401,7623,1477,420,2307,3419,29,16454,852
"동부","계","75~79세",69246,26034,25483,54,35,35,66,361,17418,5334,631,3470,242,623,23,844,719,5532,8998,1484,538,3094,3882,23,15998,775
"동부","계","80~84세",42283,12142,11922,12,15,23,33,137,10865,1871,390,1915,263,1082,X,493,780,4067,7019,852,528,2886,2753,64,11641,552
"동부","계","85세이상",23066,3790,3669,X,6,9,25,77,7097,418,171,1009,173,1853,X,142,491,2839,4819,306,423,2190,1900,134,6720,506
"동부","남자","합계",1020260,161050,145452,1113,251,8818,685,4731,655732,495582,39774,57285,1428,4922,6503,2952,2360,44926,73339,10794,7772,26001,28772,535,119138,10466
"동부","남자","15세미만",128085,111,X,X,8,59,26,18,113701,95584,3774,10199,X,X,1220,545,365,2014,14053,2271,1324,5222,5236,154,X,65
"동부","남자","15~19세",54832,479,X,X,X,450,17,10,47504,35956,2599,6941,X,X,352,181,280,1195,5230,553,406,2258,2013,12,1538,69
"동부","남자","20~24세",61158,1706,72,11,9,1540,35,39,45840,31564,3263,8209,X,X,312,224,476,1788,4339,288,290,1882,1879,17,8838,418
"동부","남자","25~29세",74683,4004,1568,59,8,2195,69,105,50835,33412,3440,10001,27,39,395,152,495,2874,4236,232,269,1833,1902,28,14100,1480
"동부","남자","30~34세",60466,6737,5269,96,15,1151,59,147,37851,25842,2186,6071,89,168,444,36,301,2714,2778,269,194,967,1348,33,11807,1260
"동부","남자","35~39세",71172,5727,4591,83,7,784,50,212,49722,37907,2377,5013,117,231,715,6,98,3258,4354,745,462,1477,1670,55,10364,950
"동부","남자","40~44세",73909,4138,3024,75,14,697,62,266,54063,42695,2508,4116,81,203,771,X,20,3668,5560,913,552,2170,1925,31,9263,854
"동부","남자","45~49세",91875,6292,4789,133,9,853,58,450,65499,51616,3753,3769,102,349,928,X,X,4977,7145,942,579,3120,2504,16,11871,1052
"동부","남자","50~54세",93009,10853,9414,137,17,536,82,667,62593,49731,4744,1928,119,561,661,X,X,4842,6491,572,544,3185,2190,15,11990,1067
"동부","남자","55~59세",91848,18922,17492,181,27,311,64,847,55134,43523,4589,752,153,913,400,65,7,4732,4907,374,429,2416,1688,27,11812,1046
"동부","남자","60~64세",76872,28057,26815,146,46,155,56,839,34158,25272,2990,233,164,1074,201,183,26,4015,3507,496,392,1091,1528,52,10163,935
"동부","남자","65~69세",52861,26357,25560,97,35,50,49,566,16516,11183,1479,42,103,652,67,314,24,2652,2781,765,423,282,1311,43,6639,525
"동부","남자","70~74세",37379,20430,19998,56,30,25,23,298,9837,5980,880,9,88,295,21,338,41,2185,2420,747,419,84,1170,20,4344,328
"동부","남자","75~79세",28975,15961,15696,30,16,7,22,190,6969,3562,631,X,120,115,12,459,87,1982,2580,835,538,12,1195,7,3242,216
"동부","남자","80~84세",16086,8326,8241,6,8,5,11,55,3713,1404,390,X,139,118,X,332,67,1258,1870,554,528,X,786,9,2037,131
"동부","남자","85세이상",7050,2950,2923,X,X,X,X,22,1797,351,171,X,125,201,X,111,66,772,1088,238,423,X,427,16,1129,70
"동부","여자","합계",1069239,160263,145452,967,288,8301,748,4507,668189,466417,12803,118266,1428,8155,5359,2854,4197,48710,88541,10421,4921,38668,34531,681,142035,9530
"동부","여자","15세미만",120102,109,X,X,16,50,26,16,106819,89901,3330,9725,X,X,1127,539,335,1862,12974,2051,1326,4812,4785,130,X,68
"동부","여자","15~19세",51743,473,13,X,X,432,14,8,44449,33575,2120,6990,X,6,283,174,233,1064,4793,474,369,2077,1873,8,1958,62
"동부","여자","20~24세",66647,2193,312,11,7,1754,58,51,47958,32969,2922,9171,32,39,284,192,466,1883,4622,334,312,2042,1934,15,11274,585
"동부","여자","25~29세",64089,5856,3403,72,16,2188,62,115,41811,27993,2199,7920,71,132,285,116,373,2722,3641,287,241,1557,1556,24,11449,1308
"동부","여자","30~34세",53229,6943,5545,90,11,1104,36,157,35268,25978,897,4847,121,211,404,20,104,2686,3177,448,295,1049,1385,49,6906,886
"동부","여자","35~39세",71903,4858,3746,55,18,815,41,183,54111,42779,629,6747,78,218,660,6,45,2949,5665,938,608,2004,2115,60,6577,632
"동부","여자","40~44세",77147,4101,3168,58,8,587,35,245,60323,47340,349,8718,62,206,714,X,13,2921,6147,927,560,2671,1989,24,6042,510
"동부","여자","45~49세",97413,8474,7482,100,11,477,40,364,73439,54669,214,13449,116,504,716,X,X,3767,6891,741,558,3384,2208,9,8003,597
"동부","여자","50~54세",98322,14241,13207,113,25,301,62,533,68744,48275,96,14859,124,687,443,23,9,4228,5564,418,419,2881,1846,17,9071,685
"동부","여자","55~59세",97207,26281,25053,153,43,189,74,769,52539,33328,34,12464,176,1178,268,137,49,4905,4726,455,187,2086,1998,50,12816,795
"동부","여자","60~64세",82463,31530,30195,163,42,183,93,854,30584,16353,11,8027,148,1022,102,310,151,4460,4867,770,37,1833,2227,55,14581,846
"동부","여자","65~69세",60504,24315,23435,75,31,109,76,589,17263,7239,X,5127,92,503,47,385,247,3621,4973,833,8,1893,2239,42,13295,616
"동부","여자","70~74세",45986,16160,15679,42,25,57,42,315,11980,3712,X,3830,110,325,14,373,400,3216,5203,730,X,2223,2249,9,12110,524
"동부","여자","75~79세",40271,10073,9787,24,19,28,44,171,10449,1772,X,3469,122,508,11,385,632,3550,6418,649,X,3082,2687,16,12756,559
"동부","여자","80~84세",26197,3816,3681,6,7,18,22,82,7152,467,X,1914,124,964,X,161,713,2809,5149,298,X,2884,1967,55,9604,421
"동부","여자","85세이상",16016,840,746,X,5,9,23,55,5300,67,X,1009,48,1652,X,31,425,2067,3731,68,X,2190,1473,118,5591,436
"중구","계","합계",72483,12131,10754,60,34,800,72,411,39156,26946,1511,5638,104,495,434,249,310,3469,5705,755,497,2017,2436,65,13872,1554
"중구","계","15세미만",7663,6,X,X,X,X,X,X,6677,5544,228,617,X,X,88,46,36,118,954,163,119,315,357,14,X,12
"중구","계","15~19세",2572,33,X,X,X,27,X,X,2115,1523,120,332,X,X,21,16,28,75,309,24,19,117,149,X,106,9
"중구","계","20~24세",4370,164,11,X,X,138,7,8,2390,1527,155,524,X,X,16,18,36,112,300,23,25,122,130,X,1418,96
"중구","계","25~29세",6198,507,246,X,X,239,10,6,2560,1616,134,527,X,8,32,13,42,186,283,23,17,113,130,X,2577,270
"중구","계","30~34세",5060,706,571,X,X,115,X,12,2531,1819,94,350,6,19,27,X,15,200,233,34,24,75,100,5,1428,157
"중구","계","35~39세",5800,549,443,X,X,76,7,19,3785,2930,114,433,7,17,58,X,10,215,367,59,41,109,158,10,975,114
"중구","계","40~44세",4809,334,243,X,X,66,5,19,3252,2435,92,408,X,16,51,X,X,246,397,63,51,144,139,X,751,75
"중구","계","45~49세",5505,484,389,11,X,55,6,22,3633,2518,133,564,7,34,54,X,X,322,490,60,35,196,199,X,794,104
"중구","계","50~54세",5333,731,645,5,X,24,10,45,3336,2306,109,502,12,42,38,X,X,324,417,29,38,184,166,X,747,98
"중구","계","55~59세",5581,1297,1202,13,6,15,5,56,3031,2059,112,413,10,68,23,7,5,334,318,32,22,140,124,6,821,108
"중구","계","60~64세",5356,1894,1773,9,5,19,X,84,2055,1228,79,288,9,80,17,21,8,325,297,44,17,98,138,6,992,112
"중구","계","65~69세",4150,1740,1667,X,X,12,6,49,1257,628,56,245,8,51,8,23,10,228,267,59,17,64,127,X,768,115
"중구","계","70~74세",3653,1547,1484,X,7,5,X,47,932,434,33,154,5,29,X,27,26,223,304,57,13,92,142,X,787,82
"중구","계","75~79세",3280,1314,1275,X,X,X,X,29,786,266,30,143,12,17,X,48,33,237,334,43,21,86,184,X,752,94
"중구","계","80~84세",1992,627,617,X,X,X,X,5,471,86,16,86,12,45,X,20,34,172,256,29,28,88,111,X,564,71
"중구","계","85세이상",1161,198,188,X,X,X,X,5,345,27,6,52,10,68,X,6,24,152,179,13,10,74,82,10,392,37
"중구","남자","합계",34690,5987,5377,27,16,320,37,210,19135,13866,1122,1756,52,191,236,138,110,1664,2570,376,303,796,1095,28,6211,759
"중구","남자","15세미만",3957,5,X,X,X,X,X,X,3425,2852,116,299,X,X,47,31,19,61,511,83,64,159,205,9,X,7
"중구","남자","15~19세",1257,17,X,X,X,13,X,X,1039,739,72,155,X,X,13,8,14,38,151,10,8,65,68,X,45,5
"중구","남자","20~24세",1819,49,X,X,X,40,X,X,1142,734,73,244,X,X,7,14,15,55,131,6,9,57,59,X,455,42
"중구","남자","25~29세",3117,180,78,X,X,92,6,X,1417,910,82,276,X,X,16,6,27,97,147,11,10,55,71,X,1224,148
"중구","남자","30~34세",2605,336,270,X,X,54,X,5,1222,853,63,173,X,7,11,X,8,103,103,13,9,32,49,X,855,87
"중구","남자","35~39세",2972,298,252,X,X,29,X,11,1894,1431,86,189,X,10,33,X,9,132,162,32,18,47,65,X,555,59
"중구","남자","40~44세",2471,161,132,X,X,20,X,7,1661,1264,76,152,X,6,26,X,X,135,183,29,27,60,67,X,429,37
"중구","남자","45~49세",2750,209,154,6,X,35,X,12,1755,1241,121,156,5,15,29,X,X,187,251,34,17,97,103,X,472,63
"중구","남자","50~54세",2606,334,277,X,X,17,6,32,1534,1120,103,70,5,22,24,X,X,189,215,14,19,94,88,X,457,64
"중구","남자","55~59세",2703,543,496,5,X,7,X,28,1491,1135,110,27,5,28,15,X,X,165,166,15,18,79,54,X,439,63
"중구","남자","60~64세",2520,865,810,X,X,5,X,40,1021,714,79,10,6,41,10,8,X,152,122,20,15,39,48,X,453,56
"중구","남자","65~69세",1837,814,779,X,X,X,X,26,562,363,56,5,X,25,X,10,X,96,101,30,17,6,48,X,306,52
"중구","남자","70~74세",1538,819,791,X,X,X,X,21,401,241,33,X,X,17,X,13,X,92,95,29,13,5,48,X,195,27
"중구","남자","75~79세",1407,778,759,X,X,X,X,15,326,182,30,X,6,X,X,22,X,79,110,23,21,X,65,X,167,26
"중구","남자","80~84세",785,431,430,X,X,X,X,X,157,65,16,X,6,9,X,15,X,43,80,17,28,X,35,X,96,20
"중구","남자","85세이상",346,148,146,X,X,X,X,X,88,22,6,X,7,5,X,6,X,40,42,10,10,X,22,X,63,X
"중구","여자","합계",37793,6144,5377,33,18,480,35,201,20021,13080,389,3882,52,304,198,111,200,1805,3135,379,194,1221,1341,37,7661,795
"중구","여자","15세미만",3706,X,X,X,X,X,X,X,3252,2692,112,318,X,X,41,15,17,57,443,80,55,156,152,5,X,5
"중구","여자","15~19세",1315,16,X,X,X,14,X,X,1076,784,48,177,X,X,8,8,14,37,158,14,11,52,81,X,61,X
"중구","여자","20~24세",2551,115,8,X,X,98,X,5,1248,793,82,280,X,X,9,X,21,57,169,17,16,65,71,X,963,54
"중구","여자","25~29세",3081,327,168,X,X,147,X,X,1143,706,52,251,X,5,16,7,15,89,136,12,7,58,59,X,1353,122
"중구","여자","30~34세",2455,370,301,X,X,61,X,7,1309,966,31,177,X,12,16,X,7,97,130,21,15,43,51,X,573,70
"중구","여자","35~39세",2828,251,191,X,X,47,X,8,1891,1499,28,244,X,7,25,X,X,83,205,27,23,62,93,6,420,55
"중구","여자","40~44세",2338,173,111,X,X,46,X,12,1591,1171,16,256,X,10,25,X,X,111,214,34,24,84,72,X,322,38
"중구","여자","45~49세",2755,275,235,5,X,20,X,10,1878,1277,12,408,X,19,25,X,X,135,239,26,18,99,96,X,322,41
"중구","여자","50~54세",2727,397,368,X,X,7,X,13,1802,1186,6,432,7,20,14,X,X,135,202,15,19,90,78,X,290,34
"중구","여자","55~59세",2878,754,706,8,X,8,X,28,1540,924,X,386,5,40,8,X,X,169,152,17,X,61,70,5,382,45
"중구","여자","60~64세",2836,1029,963,5,X,14,X,44,1034,514,X,278,X,39,7,13,7,173,175,24,X,59,90,X,539,56
"중구","여자","65~69세",2313,926,888,X,X,8,X,23,695,265,X,240,5,26,X,13,10,132,166,29,X,58,79,X,462,63
"중구","여자","70~74세",2115,728,693,X,X,X,X,26,531,193,X,154,X,12,X,14,24,131,209,28,X,87,94,X,592,55
"중구","여자","75~79세",1873,536,516,X,X,X,X,14,460,84,X,143,6,14,X,26,29,158,224,20,X,85,119,X,585,68
"중구","여자","80~84세",1207,196,187,X,X,X,X,X,314,21,X,86,6,36,X,5,31,129,176,12,X,88,76,X,468,51
"중구","여자","85세이상",815,50,42,X,X,X,X,X,257,5,X,52,X,63,X,X,22,112,137,X,X,74,60,8,329,34
"동구","계","합계",328007,54906,50068,415,105,2434,233,1651,200435,140165,8558,27939,524,2283,1781,1067,1278,16840,27090,3212,1988,10644,11246,222,41600,3754
"동구","계","15세미만",39459,33,X,X,6,14,X,10,34693,29025,1233,3123,X,X,382,191,135,604,4657,677,447,1766,1767,56,X,20
"동구","계","15~19세",12922,119,X,X,X,112,X,X,11105,8149,667,1776,X,X,66,69,72,305,1550,145,108,631,666,X,132,14
"동구","계","20~24세",16527,478,69,X,X,383,12,7,12937,8524,942,2547,10,X,81,82,193,554,1500,90,86,622,702,11,1469,132
"동구","계","25~29세",20907,1681,988,32,X,599,20,38,13819,8817,899,2808,21,26,113,51,165,919,1344,89,64,555,636,7,3619,437
"동구","계","30~34세",19741,2689,2222,36,6,343,19,63,12437,8738,496,1900,36,67,169,12,94,925,1052,119,102,364,467,16,3103,444
"동구","계","35~39세",25029,1971,1604,30,6,244,17,70,18163,13982,569,2018,40,110,244,X,31,1166,1817,267,180,661,709,15,2781,282
"동구","계","40~44세",23782,1501,1212,20,X,184,15,67,17667,13549,531,2063,28,83,208,X,7,1197,1954,272,184,819,679,13,2412,235
"동구","계","45~49세",26236,2231,1833,37,7,205,13,136,18478,13379,618,2588,47,135,198,X,X,1510,2237,234,179,1002,822,X,3020,267
"동구","계","50~54세",26902,3541,3139,48,7,135,15,197,17773,12480,717,2598,48,183,150,X,X,1594,1895,137,117,924,717,X,3355,335
"동구","계","55~59세",29018,6991,6517,69,12,91,29,273,15898,10676,752,2196,57,348,96,36,11,1726,1589,132,96,715,646,16,4131,393
"동구","계","60~64세",26967,10119,9585,72,15,60,26,361,10636,6520,492,1460,50,373,43,91,43,1564,1483,217,72,533,661,26,4324,379
"동구","계","65~69세",20372,9088,8767,38,19,34,22,208,5898,3124,228,918,36,232,21,119,50,1170,1336,261,80,379,616,12,3778,260
"동구","계","70~74세",15518,6724,6555,15,10,17,17,110,4138,1749,191,733,35,108,X,146,76,1097,1275,215,66,386,608,X,3180,197
"동구","계","75~79세",12868,4852,4748,11,X,8,14,68,3403,1013,127,664,46,103,X,158,142,1147,1485,213,79,509,684,6,2957,165
"동구","계","80~84세",7726,2229,2190,X,X,5,5,27,2060,357,66,361,45,185,X,78,151,814,1117,98,69,424,526,14,2204,102
"동구","계","85세이상",4033,659,638,X,X,X,X,14,1330,83,30,186,25,325,X,29,103,548,799,46,59,354,340,18,1135,92
"동구","남자","합계",160082,27553,25034,227,46,1288,107,851,99544,72553,6503,9210,262,863,964,536,477,8176,12252,1632,1208,4297,5115,95,18652,1986
"동구","남자","15세미만",20358,16,X,X,X,8,X,X,17906,15006,645,1592,X,X,185,89,70,319,2395,346,222,907,920,28,X,13
"동구","남자","15~19세",6645,59,X,X,X,56,X,X,5705,4159,361,913,X,X,40,40,37,155,806,82,47,345,332,X,70,5
"동구","남자","20~24세",7894,222,13,X,X,197,5,X,6357,4221,486,1191,X,X,46,39,106,268,726,35,45,311,335,6,524,59
"동구","남자","25~29세",11254,664,322,13,X,300,11,17,7622,4846,560,1526,6,6,62,28,99,489,730,45,29,295,361,X,1988,246
"동구","남자","30~34세",10345,1310,1071,19,X,174,12,31,6294,4186,364,1061,17,26,86,9,71,474,483,44,43,173,223,6,1997,255
"동구","남자","35~39세",12723,1063,872,20,X,122,10,37,8938,6731,461,881,26,53,127,X,19,639,798,117,76,288,317,8,1746,170
"동구","남자","40~44세",12358,786,626,13,X,100,9,38,8969,6880,459,766,13,47,107,X,5,691,964,139,91,380,354,9,1474,156
"동구","남자","45~49세",13298,1010,770,24,X,132,9,72,9121,6708,582,706,24,52,112,X,X,935,1183,140,99,492,452,X,1813,169
"동구","남자","50~54세",12935,1506,1253,27,X,95,8,121,8279,6159,705,366,23,86,89,X,X,850,1022,81,69,480,392,X,1925,202
"동구","남자","55~59세",13708,2797,2566,32,5,56,8,130,7914,5904,749,148,26,156,58,8,X,865,800,56,69,368,307,6,1976,215
"동구","남자","60~64세",12594,4682,4415,37,8,30,8,184,5350,3799,489,48,26,173,31,39,6,739,610,85,67,184,274,12,1740,200
"동구","남자","65~69세",9387,4637,4480,22,10,11,8,106,2847,1895,228,7,18,127,16,58,9,489,482,126,78,55,223,6,1291,124
"동구","남자","70~74세",6942,3770,3686,11,8,X,5,57,1815,1048,191,X,16,53,X,61,6,435,397,114,66,16,201,X,869,88
"동구","남자","75~79세",5409,2970,2918,5,X,X,6,36,1359,671,127,X,23,21,X,91,19,406,410,121,79,X,207,X,624,45
"동구","남자","80~84세",2982,1535,1522,X,X,X,X,9,732,275,66,X,27,27,X,51,11,271,267,65,69,X,133,X,422,24
"동구","남자","85세이상",1250,526,520,X,X,X,X,5,336,65,30,X,17,36,X,21,16,151,179,36,59,X,84,X,193,15
"동구","여자","합계",167925,27353,25034,188,59,1146,126,800,100891,67612,2055,18729,262,1420,817,531,801,8664,14838,1580,780,6347,6131,127,22948,1768
"동구","여자","15세미만",19101,17,X,X,X,6,X,6,16787,14019,588,1531,X,X,197,102,65,285,2262,331,225,859,847,28,X,7
"동구","여자","15~19세",6277,60,X,X,X,56,X,X,5400,3990,306,863,X,X,26,29,35,150,744,63,61,286,334,X,62,9
"동구","여자","20~24세",8633,256,56,X,X,186,7,X,6580,4303,456,1356,10,X,35,43,87,286,774,55,41,311,367,5,945,73
"동구","여자","25~29세",9653,1017,666,19,X,299,9,21,6197,3971,339,1282,15,20,51,23,66,430,614,44,35,260,275,X,1631,191
"동구","여자","30~34세",9396,1379,1151,17,X,169,7,32,6143,4552,132,839,19,41,83,X,23,451,569,75,59,191,244,10,1106,189
"동구","여자","35~39세",12306,908,732,10,X,122,7,33,9225,7251,108,1137,14,57,117,X,12,527,1019,150,104,373,392,7,1035,112
"동구","여자","40~44세",11424,715,586,7,X,84,6,29,8698,6669,72,1297,15,36,101,X,X,506,990,133,93,439,325,X,938,79
"동구","여자","45~49세",12938,1221,1063,13,X,73,X,64,9357,6671,36,1882,23,83,86,X,X,575,1054,94,80,510,370,X,1207,98
"동구","여자","50~54세",13967,2035,1886,21,5,40,7,76,9494,6321,12,2232,25,97,61,X,X,744,873,56,48,444,325,X,1430,133
"동구","여자","55~59세",15310,4194,3951,37,7,35,21,143,7984,4772,X,2048,31,192,38,28,11,861,789,76,27,347,339,10,2155,178
"동구","여자","60~64세",14373,5437,5170,35,7,30,18,177,5286,2721,X,1412,24,200,12,52,37,825,873,132,5,349,387,14,2584,179
"동구","여자","65~69세",10985,4451,4287,16,9,23,14,102,3051,1229,X,911,18,105,5,61,41,681,854,135,X,324,393,6,2487,136
"동구","여자","70~74세",8576,2954,2869,X,X,14,12,53,2323,701,X,729,19,55,X,85,70,662,878,101,X,370,407,X,2311,109
"동구","여자","75~79세",7459,1882,1830,6,X,X,8,32,2044,342,X,664,23,82,X,67,123,741,1075,92,X,506,477,5,2333,120
"동구","여자","80~84세",4744,694,668,X,X,5,X,18,1328,82,X,360,18,158,X,27,140,543,850,33,X,424,393,12,1782,78
"동구","여자","85세이상",2783,133,118,X,X,X,X,9,994,18,X,186,8,289,X,8,87,397,620,10,X,354,256,17,942,77
"서구","계","합계",167446,28922,25898,239,27,1654,148,956,97870,62939,5179,16453,252,1092,1073,531,689,9662,14495,1804,888,5285,6518,119,24341,1699
"서구","계","15세미만",12994,19,X,X,X,9,X,5,10707,8380,497,1238,X,X,193,84,57,258,2230,373,179,750,928,26,X,12
"서구","계","15~19세",6388,69,X,X,X,63,X,X,5337,3639,416,963,X,X,53,36,46,184,864,75,56,312,421,X,110,5
"서구","계","20~24세",9419,327,20,X,X,276,14,13,7467,4712,637,1539,X,X,71,44,106,352,880,40,45,354,441,X,688,54
"서구","계","25~29세",11618,636,214,9,X,376,10,26,8573,5347,617,1773,23,12,62,22,109,608,796,55,35,329,377,10,1436,167
"서구","계","30~34세",8565,598,332,25,X,206,9,24,6077,3848,343,1151,23,28,76,10,40,558,624,74,29,204,317,5,1123,138
"서구","계","35~39세",9795,639,412,23,X,160,10,32,6980,4588,304,1253,18,49,116,X,18,633,911,158,84,307,362,10,1145,110
"서구","계","40~44세",9937,682,429,20,X,158,7,65,6957,4607,266,1193,14,44,111,X,X,718,1006,160,85,362,399,X,1189,99
"서구","계","45~49세",13258,1066,802,17,X,150,15,82,8860,5759,370,1556,16,81,149,X,X,929,1202,134,78,478,512,X,1972,154
"서구","계","50~54세",16125,2015,1713,27,X,115,17,142,10372,7056,505,1613,14,78,125,6,X,975,1069,63,60,492,454,X,2481,184
"서구","계","55~59세",18293,4141,3816,39,X,83,18,182,9921,6762,492,1378,37,161,80,19,5,987,913,65,44,407,397,5,3131,182
"서구","계","60~64세",16237,5782,5533,36,X,30,13,170,6526,4079,307,932,23,193,19,49,16,908,784,120,33,247,384,12,2937,196
"서구","계","65~69세",12416,5266,5101,18,X,12,13,121,3890,2126,189,643,20,100,12,51,29,720,701,160,23,189,329,10,2435,114
"서구","계","70~74세",8966,3705,3630,10,6,10,X,45,2573,1172,108,493,15,60,6,55,46,618,712,137,39,184,352,X,1882,91
"서구","계","75~79세",7273,2600,2547,8,X,X,6,32,1954,616,79,416,18,48,X,94,76,607,775,113,27,245,390,X,1857,84
"서구","계","80~84세",4139,1109,1089,X,X,X,X,10,1081,218,33,214,17,93,X,50,95,361,606,53,39,235,279,5,1281,57
"서구","계","85세이상",2023,268,258,X,X,X,X,5,595,30,16,98,10,143,X,10,42,246,422,24,32,190,176,12,674,52
"서구","남자","합계",83008,14642,12949,139,15,959,74,506,49245,33019,4007,5756,126,409,604,270,258,4796,6682,926,538,2145,3073,56,11467,916
"서구","남자","15세미만",6640,12,X,X,X,5,X,X,5422,4240,269,614,X,X,92,38,35,134,1182,191,86,399,506,18,X,6
"서구","남자","15~19세",3350,31,X,X,X,28,X,X,2794,1895,230,490,X,X,29,21,28,101,469,50,27,164,228,X,50,X
"서구","남자","20~24세",4660,157,X,X,X,139,5,7,3738,2350,344,746,X,X,45,23,56,174,418,16,19,163,220,X,321,24
"서구","남자","25~29세",6446,314,73,6,X,217,6,12,4816,2963,399,1017,8,X,37,14,61,317,425,20,20,177,208,X,807,80
"서구","남자","30~34세",4959,290,152,13,X,108,X,12,3535,2185,251,696,10,11,43,6,30,303,300,28,11,102,159,X,736,97
"서구","남자","35~39세",5313,323,207,14,X,78,X,19,3765,2396,219,679,10,25,64,X,11,360,433,72,35,138,188,5,718,69
"서구","남자","40~44세",5350,355,196,15,X,99,5,37,3639,2302,228,568,11,24,58,X,X,446,514,86,43,169,216,X,773,65
"서구","남자","45~49세",6875,524,336,11,X,115,9,53,4251,2671,349,528,8,40,90,X,X,565,649,79,41,220,309,X,1340,107
"서구","남자","50~54세",7970,853,655,17,X,86,11,84,4817,3349,496,284,7,36,72,X,X,571,585,42,32,256,255,X,1596,118
"서구","남자","55~59세",8911,1719,1541,19,X,58,7,93,4874,3667,492,96,17,57,52,7,X,486,476,23,33,221,199,X,1735,106
"서구","남자","60~64세",7644,2616,2492,20,X,16,8,80,3290,2383,305,33,10,104,12,16,X,425,328,46,31,95,156,6,1301,103
"서구","남자","65~69세",5745,2699,2617,11,X,7,7,57,1878,1286,189,X,12,52,7,24,X,302,241,79,23,29,110,X,862,61
"서구","남자","70~74세",4014,2113,2079,5,X,X,X,21,1129,728,108,X,8,26,X,24,X,228,226,71,39,10,106,X,511,33
"서구","남자","75~79세",3010,1621,1599,5,X,X,X,14,784,410,79,X,9,10,X,52,11,213,201,68,27,X,105,X,382,22
"서구","남자","80~84세",1569,793,780,X,X,X,X,8,370,166,33,X,9,5,X,34,9,114,153,36,39,X,77,X,239,14
"서구","남자","85세이상",552,222,218,X,X,X,X,X,143,28,16,X,7,19,X,8,8,57,82,19,32,X,31,X,96,8
"서구","여자","합계",84438,14280,12949,100,12,695,74,450,48625,29920,1172,10697,126,683,469,261,431,4866,7813,878,350,3140,3445,63,12874,783
"서구","여자","15세미만",6354,7,X,X,X,X,X,X,5285,4140,228,624,X,X,101,46,22,124,1048,182,93,351,422,8,X,6
"서구","여자","15~19세",3038,38,X,X,X,35,X,X,2543,1744,186,473,X,X,24,15,18,83,395,25,29,148,193,X,60,X
"서구","여자","20~24세",4759,170,16,X,X,137,9,6,3729,2362,293,793,X,X,26,21,50,178,462,24,26,191,221,X,367,30
"서구","여자","25~29세",5172,322,141,X,X,159,X,14,3757,2384,218,756,15,12,25,8,48,291,371,35,15,152,169,6,629,87
"서구","여자","30~34세",3606,308,180,12,X,98,5,12,2542,1663,92,455,13,17,33,X,10,255,324,46,18,102,158,X,387,41
"서구","여자","35~39세",4482,316,205,9,X,82,6,13,3215,2192,85,574,8,24,52,X,7,273,478,86,49,169,174,5,427,41
"서구","여자","40~44세",4587,327,233,5,X,59,X,28,3318,2305,38,625,X,20,53,X,X,272,492,74,42,193,183,X,416,34
"서구","여자","45~49세",6383,542,466,6,X,35,6,29,4609,3088,21,1028,8,41,59,X,X,364,553,55,37,258,203,X,632,47
"서구","여자","50~54세",8155,1162,1058,10,X,29,6,58,5555,3707,9,1329,7,42,53,X,X,404,484,21,28,236,199,X,885,66
"서구","여자","55~59세",9382,2422,2275,20,X,25,11,89,5047,3095,X,1282,20,104,28,12,5,501,437,42,11,186,198,X,1396,76
"서구","여자","60~64세",8593,3166,3041,16,X,14,5,90,3236,1696,X,899,13,89,7,33,14,483,456,74,X,152,228,6,1636,93
"서구","여자","65~69세",6671,2567,2484,7,X,5,6,64,2012,840,X,639,8,48,5,27,27,418,460,81,X,160,219,6,1573,53
"서구","여자","70~74세",4952,1592,1551,5,X,7,X,24,1444,444,X,492,7,34,X,31,43,390,486,66,X,174,246,X,1371,58
"서구","여자","75~79세",4263,979,948,X,X,X,6,18,1170,206,X,416,9,38,X,42,65,394,574,45,X,244,285,X,1475,62
"서구","여자","80~84세",2570,316,309,X,X,X,X,X,711,52,X,214,8,88,X,16,86,247,453,17,X,234,202,5,1042,43
"서구","여자","85세이상",1471,46,40,X,X,X,X,X,452,X,X,98,X,124,X,X,34,189,340,5,X,190,145,11,578,44
"남구","계","합계",141016,24981,22042,182,27,1705,115,910,73871,45102,3800,13699,236,1050,879,490,518,8097,11556,1309,820,4220,5207,82,28373,2153
"남구","계","15세미만",10978,15,X,X,X,13,X,X,9180,7008,416,1251,X,X,149,71,46,239,1740,240,157,580,763,23,X,20
"남구","계","15~19세",5294,78,X,X,X,76,X,X,4087,2623,289,927,X,X,50,29,37,131,692,63,45,262,322,X,419,17
"남구","계","20~24세",9057,330,39,X,X,277,6,5,5136,3026,412,1256,X,6,43,35,65,292,703,59,52,265,327,X,2777,108
"남구","계","25~29세",10293,780,283,22,X,440,16,19,5721,3344,406,1343,X,14,62,35,71,443,652,38,48,280,286,X,2853,283
"남구","계","30~34세",8035,868,548,17,X,265,7,27,4486,2731,240,905,22,29,64,8,53,434,466,42,29,143,252,X,2012,201
"남구","계","35~39세",9018,769,547,6,X,165,7,42,5515,3660,224,997,18,27,92,X,8,487,668,100,59,212,297,9,1918,139
"남구","계","40~44세",8705,611,432,8,X,122,8,40,5478,3521,230,1019,12,41,88,X,X,563,755,99,68,296,292,X,1717,140
"남구","계","45~49세",11143,985,756,14,X,125,9,80,6993,4402,272,1352,9,74,110,X,X,774,942,104,73,375,390,X,2039,184
"남구","계","50~54세",11626,1540,1321,16,X,86,9,106,6973,4413,333,1249,16,93,94,X,X,772,916,81,66,411,358,X,2020,176
"남구","계","55~59세",12886,2881,2638,29,X,55,7,151,6558,4119,341,1074,34,133,68,5,X,781,759,50,44,347,318,7,2489,192
"남구","계","60~64세",12762,4383,4116,31,5,48,14,169,4920,2886,262,754,34,177,33,23,9,742,579,69,27,204,279,5,2670,205
"남구","계","65~69세",9860,4101,3914,22,X,16,10,135,3069,1594,141,502,14,105,15,50,19,629,553,96,31,140,286,8,1989,140
"남구","계","70~74세",7822,3348,3246,9,X,7,9,73,2125,946,87,387,11,62,X,63,33,532,522,81,15,138,288,X,1710,115
"남구","계","75~79세",6780,2548,2497,X,X,X,5,38,1742,559,69,372,17,52,7,86,43,537,647,100,42,200,305,X,1745,97
"남구","계","80~84세",4295,1294,1268,X,X,6,X,15,1151,217,53,209,26,81,X,61,75,429,583,66,37,219,261,X,1201,64
"남구","계","85세이상",2462,450,436,X,X,X,X,10,737,53,25,102,18,156,X,21,50,312,379,21,27,148,183,10,814,72
"남구","남자","합계",67453,12423,11021,93,13,788,63,445,36183,23525,2916,4451,118,401,471,248,198,3855,5266,651,504,1693,2418,37,12468,1076
"남구","남자","15세미만",5737,8,X,X,X,6,X,X,4788,3637,227,660,X,X,74,38,27,125,918,122,80,310,406,12,X,11
"남구","남자","15~19세",2627,40,X,X,X,39,X,X,2093,1349,164,454,X,X,25,12,22,67,339,28,29,129,153,X,144,11
"남구","남자","20~24세",4129,133,9,X,X,119,X,X,2505,1506,219,573,X,X,20,19,38,129,343,26,21,122,174,X,1105,41
"남구","남자","25~29세",5339,311,96,8,X,186,11,10,3148,1823,257,740,X,X,38,18,39,230,366,14,25,152,175,X,1365,147
"남구","남자","30~34세",4323,414,271,10,X,114,5,13,2465,1494,162,496,7,12,30,6,34,224,221,19,12,69,121,X,1114,108
"남구","남자","35~39세",4553,389,289,X,X,75,5,17,2757,1818,153,449,12,16,52,X,5,252,276,45,24,87,120,X,1042,86
"남구","남자","40~44세",4378,288,210,X,X,54,5,15,2655,1701,193,372,7,18,43,X,X,319,368,49,34,135,150,X,979,87
"남구","남자","45~49세",5575,437,306,7,X,78,5,40,3334,2132,247,398,5,37,64,X,X,451,484,53,37,180,214,X,1203,117
"남구","남자","50~54세",5694,665,542,9,X,49,X,59,3240,2200,324,195,8,36,51,X,X,425,512,47,39,212,214,X,1181,96
"남구","남자","55~59세",6004,1181,1049,19,X,33,5,75,3087,2164,334,83,11,64,36,X,X,393,387,24,29,182,152,X,1235,110
"남구","남자","60~64세",5903,1971,1844,12,X,25,X,85,2390,1633,261,26,22,79,23,7,X,337,255,20,23,84,128,X,1178,107
"남구","남자","65~69세",4456,2048,1957,14,X,X,7,64,1440,943,141,X,9,58,8,18,X,256,207,55,30,20,102,X,699,59
"남구","남자","70~74세",3403,1785,1736,5,X,X,X,34,938,559,87,X,5,35,X,30,5,214,163,36,15,10,102,X,475,40
"남구","남자","75~79세",2854,1542,1516,X,X,X,X,21,707,364,69,X,7,15,X,43,X,201,189,59,42,X,87,X,382,33
"남구","남자","80~84세",1658,861,849,X,X,X,X,7,415,160,53,X,11,9,X,43,5,134,146,35,37,X,74,X,223,13
"남구","남자","85세이상",820,350,347,X,X,X,X,X,221,42,25,X,14,18,X,13,11,98,92,19,27,X,46,X,143,10
"남구","여자","합계",73563,12558,11021,89,14,917,52,465,37688,21577,884,9248,118,649,408,242,320,4242,6290,658,316,2527,2789,45,15905,1077
"남구","여자","15세미만",5241,7,X,X,X,7,X,X,4392,3371,189,591,X,X,75,33,19,114,822,118,77,270,357,11,X,9
"남구","여자","15~19세",2667,38,X,X,X,37,X,X,1994,1274,125,473,X,X,25,17,15,64,353,35,16,133,169,X,275,6
"남구","여자","20~24세",4928,197,30,X,X,158,X,X,2631,1520,193,683,X,5,23,16,27,163,360,33,31,143,153,X,1672,67
"남구","여자","25~29세",4954,469,187,14,X,254,5,9,2573,1521,149,603,X,11,24,17,32,213,286,24,23,128,111,X,1488,136
"남구","여자","30~34세",3712,454,277,7,X,151,X,14,2021,1237,78,409,15,17,34,X,19,210,245,23,17,74,131,X,898,93
"남구","여자","35~39세",4465,380,258,X,X,90,X,25,2758,1842,71,548,6,11,40,X,X,235,392,55,35,125,177,6,876,53
"남구","여자","40~44세",4327,323,222,5,X,68,X,25,2823,1820,37,647,5,23,45,X,X,244,387,50,34,161,142,X,738,53
"남구","여자","45~49세",5568,548,450,7,X,47,X,40,3659,2270,25,954,X,37,46,X,X,323,458,51,36,195,176,X,836,67
"남구","여자","50~54세",5932,875,779,7,X,37,5,47,3733,2213,9,1054,8,57,43,X,X,347,404,34,27,199,144,X,839,80
"남구","여자","55~59세",6882,1700,1589,10,X,22,X,76,3471,1955,7,991,23,69,32,X,X,388,372,26,15,165,166,X,1254,82
"남구","여자","60~64세",6859,2412,2272,19,X,23,10,84,2530,1253,X,728,12,98,10,16,7,405,324,49,X,120,151,X,1492,98
"남구","여자","65~69세",5404,2053,1957,8,X,13,X,71,1629,651,X,498,5,47,7,32,16,373,346,41,X,120,184,5,1290,81
"남구","여자","70~74세",4419,1563,1510,X,X,X,5,39,1187,387,X,387,6,27,X,33,28,318,359,45,X,128,186,X,1235,75
"남구","여자","75~79세",3926,1006,981,X,X,X,X,17,1035,195,X,371,10,37,X,43,40,336,458,41,X,199,218,X,1363,64
"남구","여자","80~84세",2637,433,419,X,X,X,X,8,736,57,X,209,15,72,X,18,70,295,437,31,X,219,187,X,978,51
"남구","여자","85세이상",1642,100,89,X,X,X,X,7,516,11,X,102,X,138,X,8,39,214,287,X,X,148,137,6,671,62
"북구","계","합계",425333,61265,55496,344,85,3344,260,1736,277614,208530,10655,33203,576,2424,2576,985,1137,17528,31003,3929,2699,12696,11679,152,51475,3824
"북구","계","15세미만",55200,53,X,X,X,21,18,9,49769,42572,1567,3970,X,X,512,184,104,860,5322,820,615,2006,1881,37,X,18
"북구","계","15~19세",23033,194,6,X,X,179,X,X,19681,15173,963,2797,X,X,134,62,107,442,1918,172,129,891,726,X,1209,31
"북구","계","20~24세",29819,860,96,8,X,721,14,18,19983,14147,1299,3397,5,7,150,74,164,740,1730,118,124,772,716,X,7009,235
"북구","계","25~29세",28606,2159,1190,22,7,869,23,48,18917,12949,1104,3344,21,42,131,43,157,1126,1454,90,108,620,636,X,5481,592
"북구","계","30~34세",24044,3148,2659,44,X,358,20,65,15706,11645,630,1963,43,84,224,12,78,1027,1196,161,105,411,519,16,3567,411
"북구","계","35~39세",30578,2316,1897,25,X,304,17,69,22603,18282,582,2152,33,84,286,X,22,1160,1988,322,258,716,692,18,3324,329
"북구","계","40~44세",32200,1880,1455,28,X,256,23,114,24808,20063,580,2465,29,90,338,X,X,1241,2213,322,241,931,719,6,3008,285
"북구","계","45~49세",40431,3281,2745,45,X,284,23,182,30060,23530,826,3418,52,172,373,X,X,1689,2756,309,233,1347,867,X,3979,354
"북구","계","50~54세",39026,4978,4524,39,8,149,29,229,27476,20971,997,3211,62,258,215,6,X,1756,2305,180,188,1178,759,X,3934,330
"북구","계","55~59세",36583,8896,8418,44,14,90,19,311,21245,15511,920,2359,54,386,115,51,10,1839,1823,169,120,847,687,12,4272,335
"북구","계","60~64세",28821,11180,10784,40,12,54,21,269,11718,7599,590,1411,63,369,70,96,28,1492,1542,231,94,541,676,14,4089,278
"북구","계","65~69세",19615,8923,8651,18,8,33,20,193,5840,3190,258,912,30,186,18,112,46,1088,1422,292,96,405,629,11,3258,161
"북구","계","70~74세",14424,6393,6252,14,6,12,10,99,3715,1624,145,670,46,109,6,118,77,920,1413,258,92,452,611,X,2773,129
"북구","계","75~79세",12193,4504,4391,14,9,9,5,76,3100,909,98,624,65,117,X,124,140,1019,1742,282,103,627,730,X,2717,129
"북구","계","80~84세",7052,1956,1906,X,X,X,9,35,1828,306,72,331,40,193,X,78,129,679,1314,156,103,561,494,9,1847,98
"북구","계","85세이상",3708,544,522,X,X,X,6,15,1165,59,24,179,32,325,X,23,73,450,865,47,90,391,337,18,1007,109
"북구","남자","합계",210525,30760,27748,182,39,1787,114,890,137953,107012,8043,10889,288,918,1397,509,407,8490,14146,1978,1654,5100,5414,64,25489,2113
"북구","남자","15세미만",28384,26,X,X,X,11,10,X,25569,21828,849,2026,X,X,261,97,49,459,2761,416,317,1060,968,20,X,8
"북구","남자","15~19세",11727,94,X,X,X,91,X,X,10078,7793,515,1389,X,X,66,32,50,233,996,87,68,447,394,X,546,13
"북구","남자","20~24세",14635,372,16,X,X,343,X,7,9792,6905,696,1614,X,X,74,39,86,377,854,58,53,369,374,X,3513,102
"북구","남자","25~29세",15827,871,358,12,X,461,12,25,10299,6934,668,1904,X,12,81,27,92,577,776,37,57,328,354,X,3526,354
"북구","남자","30~34세",12807,1570,1311,22,X,187,10,38,7941,5640,439,1089,18,41,112,9,63,530,581,62,38,205,276,7,2447,261
"북구","남자","35~39세",15376,1293,1077,17,X,153,8,37,10806,8567,480,912,22,38,157,X,18,611,872,143,118,294,317,8,2191,206
"북구","남자","40~44세",15791,937,693,12,X,156,15,59,11633,9474,519,730,16,45,176,X,X,671,1067,163,120,427,357,X,1957,195
"북구","남자","45~49세",19710,1436,1112,24,X,190,11,98,14193,11467,795,688,22,70,206,X,X,945,1389,170,114,638,467,X,2462,229
"북구","남자","50~54세",19338,2154,1884,23,X,93,16,136,13370,10810,978,355,32,120,140,X,X,934,1267,103,114,636,414,X,2338,206
"북구","남자","55~59세",18152,3780,3514,24,7,56,7,172,11196,8966,919,136,27,164,59,15,X,910,925,74,84,439,328,X,2044,203
"북구","남자","60~64세",14342,5336,5146,16,8,29,8,129,6508,4807,589,40,35,208,46,42,X,737,648,98,88,190,272,5,1687,158
"북구","남자","65~69세",9277,4770,4648,12,X,11,7,89,2818,1913,257,6,13,102,13,54,X,457,536,136,95,53,252,8,1075,70
"북구","남자","70~74세",6388,3528,3473,7,X,5,X,39,1680,1023,145,X,19,58,X,56,6,369,437,131,92,12,202,X,700,42
"북구","남자","75~79세",5016,2802,2746,8,X,X,X,40,1177,599,98,X,36,13,X,65,12,352,493,160,103,X,228,X,507,37
"북구","남자","80~84세",2688,1366,1350,X,X,X,X,12,632,235,72,X,20,21,X,54,14,216,344,102,103,X,139,X,324,22
"북구","남자","85세이상",1067,425,420,X,X,X,X,X,261,51,24,X,24,25,X,17,8,112,200,38,90,X,72,X,172,7
"북구","여자","합계",214808,30505,27748,162,46,1557,146,846,139661,101518,2612,22314,288,1506,1179,476,730,9038,16857,1951,1045,7596,6265,88,25986,1711
"북구","여자","15세미만",26816,27,X,X,X,10,8,5,24200,20744,718,1944,X,X,251,87,55,401,2561,404,298,946,913,17,X,10
"북구","여자","15~19세",11306,100,6,X,X,88,X,X,9603,7380,448,1408,X,X,68,30,57,209,922,85,61,444,332,X,663,18
"북구","여자","20~24세",15184,488,80,5,X,378,12,11,10191,7242,603,1783,5,6,76,35,78,363,876,60,71,403,342,X,3496,133
"북구","여자","25~29세",12779,1288,832,10,X,408,11,23,8618,6015,436,1440,17,30,50,16,65,549,678,53,51,292,282,X,1955,238
"북구","여자","30~34세",11237,1578,1348,22,X,171,10,27,7765,6005,191,874,25,43,112,X,15,497,615,99,67,206,243,9,1120,150
"북구","여자","35~39세",15202,1023,820,8,X,151,9,32,11797,9715,102,1240,11,46,129,X,X,549,1116,179,140,422,375,10,1133,123
"북구","여자","40~44세",16409,943,762,16,X,100,8,55,13175,10589,61,1735,13,45,162,X,X,570,1146,159,121,504,362,X,1051,90
"북구","여자","45~49세",20721,1845,1633,21,X,94,12,84,15867,12063,31,2730,30,102,167,X,X,744,1367,139,119,709,400,X,1517,125
"북구","여자","50~54세",19688,2824,2640,16,6,56,13,93,14106,10161,19,2856,30,138,75,5,X,822,1038,77,74,542,345,X,1596,124
"북구","여자","55~59세",18431,5116,4904,20,7,34,12,139,10049,6545,X,2223,27,222,56,36,10,929,898,95,36,408,359,8,2228,132
"북구","여자","60~64세",14479,5844,5638,24,X,25,13,140,5210,2792,X,1371,28,161,24,54,24,755,894,133,6,351,404,9,2402,120
"북구","여자","65~69세",10338,4153,4003,6,5,22,13,104,3022,1277,X,906,17,84,5,58,43,631,886,156,X,352,377,X,2183,91
"북구","여자","70~74세",8036,2865,2779,7,X,7,8,60,2035,601,X,670,27,51,X,62,71,551,976,127,X,440,409,X,2073,87
"북구","여자","75~79세",7177,1702,1645,6,5,8,X,36,1923,310,X,624,29,104,X,59,128,667,1249,122,X,625,502,X,2210,92
"북구","여자","80~84세",4364,590,556,X,X,X,7,23,1196,71,X,331,20,172,X,24,115,463,970,54,X,561,355,9,1523,76
"북구","여자","85세이상",2641,119,102,X,X,X,5,11,904,8,X,179,8,300,X,6,65,338,665,9,X,391,265,16,835,102
"수성구","계","합계",405234,59448,54270,387,131,2871,262,1527,271259,205841,9061,32374,516,2631,1899,1269,1255,16413,33629,5041,2604,14151,11833,293,37747,2858
"수성구","계","15세미만",53488,49,X,X,7,21,17,X,47802,40412,1340,4455,X,X,358,260,163,814,5546,998,465,2147,1936,65,X,24
"수성구","계","15~19세",26508,208,X,X,X,194,9,X,23560,18438,993,3312,X,X,131,70,108,508,2356,283,230,1084,759,6,364,14
"수성구","계","20~24세",23166,685,45,X,X,599,19,18,18838,13477,1033,3312,7,6,84,84,177,658,1726,144,117,805,660,5,1772,140
"수성구","계","25~29세",23337,1426,643,19,X,718,19,25,16576,11351,891,3045,10,19,100,58,164,938,1537,87,109,703,638,19,3368,411
"수성구","계","30~34세",17579,1883,1425,25,6,361,17,49,11553,8354,453,1679,25,50,79,6,48,859,991,133,69,322,467,15,2804,333
"수성구","계","35~39세",24705,1606,1235,13,7,269,12,70,18527,14814,431,1931,33,58,187,X,24,1048,1752,339,159,599,655,27,2543,250
"수성구","계","40~44세",31152,1191,888,18,5,188,21,71,24942,20549,497,2418,19,50,259,X,10,1140,2530,463,223,1074,770,10,2254,225
"수성구","계","45~49세",41735,2808,2408,43,6,201,16,134,32546,26432,758,3293,43,153,311,X,X,1555,3141,451,283,1545,862,9,2996,235
"수성구","계","50~54세",39297,5421,5019,61,11,130,22,178,28053,22035,875,3058,49,281,187,5,X,1562,2573,263,220,1418,672,10,2995,245
"수성구","계","55~59세",34867,8574,8136,62,14,74,15,273,20569,15321,748,2225,58,455,119,38,7,1598,1983,175,133,1000,675,17,3479,245
"수성구","계","60~64세",28596,10950,10492,59,27,65,33,274,12137,8183,464,1386,57,438,51,89,37,1432,1587,239,76,577,695,26,3646,250
"수성구","계","65~69세",20082,9287,8976,43,15,26,24,203,5985,3410,236,762,38,230,17,177,47,1068,1599,355,79,459,706,16,3038,157
"수성구","계","70~74세",14895,6939,6752,31,7,12,11,126,3689,1705,127,544,38,114,9,157,85,910,1617,380,80,512,645,11,2536,103
"수성구","계","75~79세",12629,4940,4836,7,10,7,16,64,2989,897,97,504,40,134,6,180,135,996,2041,410,137,723,771,7,2562,90
"수성구","계","80~84세",8237,2543,2498,X,8,X,X,27,2034,368,85,279,57,215,X,115,147,767,1515,238,120,649,508,16,2061,68
"수성구","계","85세이상",4961,938,916,X,X,X,7,9,1459,95,33,171,42,428,X,28,102,560,1135,83,104,534,414,34,1327,68
"수성구","남자","합계",195256,29641,27135,196,58,1376,114,762,134032,105885,6840,10213,258,980,1040,646,447,7723,15039,2586,1601,5695,5157,132,14985,1427
"수성구","남자","15세미만",27760,18,X,X,X,8,7,X,24855,21002,717,2309,X,X,190,133,83,421,2839,539,226,1110,964,36,X,11
"수성구","남자","15~19세",14094,111,X,X,X,105,5,X,12548,9816,579,1670,X,X,80,37,70,296,1256,158,123,566,409,X,166,9
"수성구","남자","20~24세",11181,304,10,X,X,273,10,7,9223,6608,549,1571,X,X,47,49,76,321,861,78,65,397,321,X,736,54
"수성구","남자","25~29세",12422,581,208,9,X,348,5,9,9115,6226,543,1676,X,X,57,30,89,489,837,45,62,402,328,11,1676,202
"수성구","남자","30~34세",9078,905,676,13,X,175,12,26,5906,4144,316,923,11,23,44,X,37,406,469,42,26,164,237,7,1612,179
"수성구","남자","35~39세",11326,844,681,6,X,118,6,32,8250,6547,358,685,19,29,86,X,17,509,723,141,71,243,268,13,1359,137
"수성구","남자","40~44세",13967,572,417,10,X,95,14,33,10991,9251,433,544,9,21,129,X,7,597,1109,212,104,451,342,5,1158,132
"수성구","남자","45~49세",19247,1035,821,22,X,111,9,70,15095,12859,714,449,20,55,175,X,X,823,1505,256,139,738,372,5,1465,142
"수성구","남자","50~54세",19140,2397,2189,29,6,73,14,86,13770,11597,852,240,25,126,108,X,X,822,1345,148,122,737,338,5,1473,150
"수성구","남자","55~59세",17071,3709,3471,37,X,43,7,147,10726,8763,740,103,26,209,77,18,X,789,1024,92,81,559,292,5,1472,135
"수성구","남자","60~64세",13786,5174,4970,23,13,20,12,136,6448,4982,462,31,27,229,30,26,6,655,676,88,67,250,271,16,1343,129
"수성구","남자","65~69세",9349,4826,4690,23,10,5,X,95,3042,2093,235,10,21,137,9,75,X,459,536,154,75,54,253,7,874,64
"수성구","남자","70~74세",6668,3783,3691,17,X,X,X,68,1706,1046,127,X,18,43,X,76,10,380,529,183,79,20,247,7,608,35
"수성구","남자","75~79세",5371,2970,2921,X,X,X,5,37,1245,607,97,X,17,26,X,104,23,368,635,235,137,X,260,X,499,19
"수성구","남자","80~84세",3189,1698,1679,X,5,X,X,11,724,264,85,X,30,24,X,72,14,234,436,155,120,X,160,X,311,17
"수성구","남자","85세이상",1607,714,711,X,X,X,X,X,388,80,33,X,31,55,X,24,11,154,259,60,104,X,95,X,232,12
"수성구","여자","합계",209978,29807,27135,191,73,1495,148,765,137227,99956,2221,22161,258,1651,859,623,808,8690,18590,2455,1003,8456,6676,161,22762,1431
"수성구","여자","15세미만",25728,31,X,X,6,13,10,X,22947,19410,623,2146,X,X,168,127,80,393,2707,459,239,1037,972,29,X,13
"수성구","여자","15~19세",12414,97,X,X,X,89,X,X,11012,8622,414,1642,X,X,51,33,38,212,1100,125,107,518,350,X,198,5
"수성구","여자","20~24세",11985,381,35,X,X,326,9,11,9615,6869,484,1741,6,5,37,35,101,337,865,66,52,408,339,X,1036,86
"수성구","여자","25~29세",10915,845,435,10,X,370,14,16,7461,5125,348,1369,7,17,43,28,75,449,700,42,47,301,310,8,1692,209
"수성구","여자","30~34세",8501,978,749,12,X,186,5,23,5647,4210,137,756,14,27,35,X,11,453,522,91,43,158,230,8,1192,154
"수성구","여자","35~39세",13379,762,554,7,6,151,6,38,10277,8267,73,1246,14,29,101,X,7,539,1029,198,88,356,387,14,1184,113
"수성구","여자","40~44세",17185,619,471,8,X,93,7,38,13951,11298,64,1874,10,29,130,X,X,543,1421,251,119,623,428,5,1096,93
"수성구","여자","45~49세",22488,1773,1587,21,X,90,7,64,17451,13573,44,2844,23,98,136,X,X,732,1636,195,144,807,490,X,1531,93
"수성구","여자","50~54세",20157,3024,2830,32,5,57,8,92,14283,10438,23,2818,24,155,79,5,X,740,1228,115,98,681,334,5,1522,95
"수성구","여자","55~59세",17796,4865,4665,25,10,31,8,126,9843,6558,8,2122,32,246,42,20,6,809,959,83,52,441,383,12,2007,110
"수성구","여자","60~64세",14810,5776,5522,36,14,45,21,138,5689,3201,X,1355,30,209,21,63,31,777,911,151,9,327,424,10,2303,121
"수성구","여자","65~69세",10733,4461,4286,20,5,21,21,108,2943,1317,X,752,17,93,8,102,44,609,1063,201,X,405,453,9,2164,93
"수성구","여자","70~74세",8227,3156,3061,14,5,11,7,58,1983,659,X,542,20,71,5,81,75,530,1088,197,X,492,398,X,1928,68
"수성구","여자","75~79세",7258,1970,1915,X,7,7,11,27,1744,290,X,504,23,108,X,76,112,628,1406,175,X,720,511,X,2063,71
"수성구","여자","80~84세",5048,845,819,X,X,X,X,16,1310,104,X,279,27,191,X,43,133,533,1079,83,X,648,348,13,1750,51
"수성구","여자","85세이상",3354,224,205,X,X,X,7,7,1071,15,X,171,11,373,X,X,91,406,876,23,X,534,319,32,1095,56
"달서구","계","합계",549980,79660,72376,453,130,4311,343,2047,363716,272476,13813,46245,648,3102,3220,1215,1370,21627,38402,5165,3197,15656,14384,283,63765,4154
"달서구","계","15세미만",68405,45,X,X,5,29,8,X,61692,52544,1823,5270,X,X,665,248,159,983,6578,1051,668,2470,2389,63,X,27
"달서구","계","15~19세",29858,251,X,X,X,231,10,6,26068,19986,1271,3824,X,X,180,73,115,614,2334,265,188,1038,843,8,1156,41
"달서구","계","20~24세",35447,1055,104,X,7,900,21,21,27047,19120,1707,4805,5,16,151,79,201,963,2122,148,153,984,837,6,4979,238
"달서구","계","25~29세",37813,2671,1407,23,8,1142,33,58,26480,17981,1588,5081,18,50,180,46,160,1376,1811,137,129,790,755,8,6215,628
"달서구","계","30~34세",30671,3788,3057,36,5,607,19,64,20329,14685,827,2970,55,102,209,7,77,1397,1393,154,131,497,611,23,4676,462
"달서구","계","35~39세",38150,2735,2199,39,X,381,21,93,28260,22430,782,2976,46,104,392,X,30,1498,2516,438,289,877,912,26,4255,358
"달서구","계","40~44세",40471,2040,1533,39,5,310,18,135,31282,25311,661,3268,38,85,430,X,5,1484,2852,461,260,1215,916,18,3974,305
"달서구","계","45~49세",50980,3911,3338,66,X,310,16,178,38368,30265,990,4447,44,204,449,X,X,1965,3268,391,256,1561,1060,8,5074,351
"달서구","계","50~54세",53022,6868,6260,54,11,198,42,303,37354,28745,1304,4556,42,313,295,6,6,2087,2880,237,274,1459,910,7,5529,384
"달서구","계","55~59세",51827,12423,11818,78,20,92,45,370,30451,22403,1258,3571,79,540,167,46,15,2372,2248,206,157,1046,839,14,6305,386
"달서구","계","60~64세",40596,15279,14727,62,24,62,38,366,16750,11130,807,2029,76,466,70,124,36,2012,2102,346,110,724,922,18,6086,361
"달서구","계","65~69세",26870,12267,11919,29,17,26,30,246,7840,4350,373,1187,49,251,23,167,70,1370,1876,375,105,539,857,25,4668,194
"달서구","계","70~74세",18087,7934,7758,16,15,19,13,113,4645,2062,189,858,48,138,6,145,98,1101,1780,349,115,543,773,7,3586,135
"달서구","계","75~79세",14223,5276,5189,8,5,X,18,54,3444,1074,131,747,44,152,X,154,150,989,1974,323,129,704,818,5,3408,116
"달서구","계","80~84세",8842,2384,2354,X,X,X,8,18,2240,319,65,435,66,270,X,91,149,845,1628,212,132,710,574,15,2483,92
"달서구","계","85세이상",4718,733,711,X,X,X,X,19,1466,71,37,221,36,408,X,25,97,571,1040,72,101,499,368,32,1371,76
"달서구","남자","합계",269246,40044,36188,249,64,2300,176,1067,179640,139722,10343,15010,324,1160,1791,605,463,10222,17384,2645,1964,6275,6500,123,29866,2189
"달서구","남자","15세미만",35249,26,X,X,X,20,X,X,31736,27019,951,2699,X,X,371,119,82,495,3447,574,329,1277,1267,31,X,9
"달서구","남자","15~19세",15132,127,X,X,X,118,6,X,13247,10205,678,1870,X,X,99,31,59,305,1213,138,104,542,429,5,517,23
"달서구","남자","20~24세",16840,469,17,X,X,429,8,10,13083,9240,896,2270,X,X,73,41,99,464,1006,69,78,463,396,X,2184,96
"달서구","남자","25~29세",20278,1083,433,11,X,591,18,29,14418,9710,931,2862,6,13,104,29,88,675,955,60,66,424,405,5,3514,303
"달서구","남자","30~34세",16349,1912,1518,16,5,339,12,22,10488,7340,591,1633,23,48,118,X,58,674,621,61,55,222,283,9,3046,273
"달서구","남자","35~39세",18909,1517,1213,22,X,209,13,59,13312,10417,620,1218,25,60,196,X,19,755,1090,195,120,380,395,14,2753,223
"달서구","남자","40~44세",19594,1039,750,22,X,173,13,77,14515,11823,600,984,24,42,232,X,X,809,1355,235,133,548,439,10,2493,182
"달서구","남자","45~49세",24420,1641,1290,39,X,192,13,105,17750,14538,945,844,18,80,252,X,X,1071,1684,210,132,755,587,X,3116,225
"달서구","남자","50~54세",25326,2944,2614,30,5,123,23,149,17583,14496,1286,418,19,135,177,X,X,1051,1545,137,149,770,489,X,3020,231
"달서구","남자","55~59세",25299,5193,4855,45,6,58,27,202,15846,12924,1245,159,41,235,103,13,X,1124,1129,90,115,568,356,6,2911,214
"달서구","남자","60~64세",20083,7413,7138,34,13,30,13,185,9151,6954,805,45,38,240,49,45,5,970,868,139,101,249,379,8,2461,182
"달서구","남자","65~69세",12810,6563,6389,13,9,9,14,129,3929,2690,373,6,27,151,10,75,X,593,678,185,105,65,323,13,1532,95
"달서구","남자","70~74세",8426,4632,4542,10,9,8,5,58,2168,1335,189,X,20,63,5,78,9,467,573,183,115,11,264,X,986,63
"달서구","남자","75~79세",5908,3278,3237,5,X,X,6,27,1371,729,131,X,22,27,X,82,15,363,542,169,129,X,243,X,681,34
"달서구","남자","80~84세",3215,1642,1631,X,X,X,X,7,683,239,65,X,36,23,X,63,11,246,444,144,132,X,168,X,422,21
"달서구","남자","85세이상",1408,565,561,X,X,X,X,X,360,63,37,X,25,43,X,22,10,160,234,56,101,X,77,X,230,15
"달서구","여자","합계",280734,39616,36188,204,66,2011,167,980,184076,132754,3470,31235,324,1942,1429,610,907,11405,21018,2520,1233,9381,7884,160,33899,1965
"달서구","여자","15세미만",33156,19,X,X,X,9,5,X,29956,25525,872,2571,X,X,294,129,77,488,3131,477,339,1193,1122,32,X,18
"달서구","여자","15~19세",14726,124,X,X,X,113,X,X,12821,9781,593,1954,X,X,81,42,56,309,1121,127,84,496,414,X,639,18
"달서구","여자","20~24세",18607,586,87,X,X,471,13,11,13964,9880,811,2535,5,16,78,38,102,499,1116,79,75,521,441,X,2795,142
"달서구","여자","25~29세",17535,1588,974,12,7,551,15,29,12062,8271,657,2219,12,37,76,17,72,701,856,77,63,366,350,X,2701,325
"달서구","여자","30~34세",14322,1876,1539,20,X,268,7,42,9841,7345,236,1337,32,54,91,X,19,723,772,93,76,275,328,14,1630,189
"달서구","여자","35~39세",19241,1218,986,17,X,172,8,34,14948,12013,162,1758,21,44,196,X,11,743,1426,243,169,497,517,12,1502,135
"달서구","여자","40~44세",20877,1001,783,17,X,137,5,58,16767,13488,61,2284,14,43,198,X,X,675,1497,226,127,667,477,8,1481,123
"달서구","여자","45~49세",26560,2270,2048,27,X,118,X,73,20618,15727,45,3603,26,124,197,X,X,894,1584,181,124,806,473,X,1958,126
"달서구","여자","50~54세",27696,3924,3646,24,6,75,19,154,19771,14249,18,4138,23,178,118,5,6,1036,1335,100,125,689,421,X,2509,153
"달서구","여자","55~59세",26528,7230,6963,33,14,34,18,168,14605,9479,13,3412,38,305,64,33,13,1248,1119,116,42,478,483,8,3394,172
"달서구","여자","60~64세",20513,7866,7589,28,11,32,25,181,7599,4176,X,1984,38,226,21,79,31,1042,1234,207,9,475,543,10,3625,179
"달서구","여자","65~69세",14060,5704,5530,16,8,17,16,117,3911,1660,X,1181,22,100,13,92,66,777,1198,190,X,474,534,12,3136,99
"달서구","여자","70~74세",9661,3302,3216,6,6,11,8,55,2477,727,X,856,28,75,X,67,89,634,1207,166,X,532,509,X,2600,72
"달서구","여자","75~79세",8315,1998,1952,X,X,X,12,27,2073,345,X,747,22,125,X,72,135,626,1432,154,X,703,575,X,2727,82
"달서구","여자","80~84세",5627,742,723,X,X,X,6,11,1557,80,X,435,30,247,X,28,138,599,1184,68,X,710,406,12,2061,71
"달서구","여자","85세이상",3310,168,150,X,X,X,X,15,1106,8,X,221,11,365,X,X,87,411,806,16,X,499,291,28,1141,61
"달성군","계","합계",243000,38026,34872,261,71,1588,121,1113,162716,125816,5702,15953,408,1506,1684,542,644,10461,16266,2165,1411,6488,6202,169,23243,2580
"달성군","계","15세미만",41710,21,X,X,X,9,6,6,38433,33037,1224,2769,X,X,442,118,100,743,3188,490,351,1202,1145,39,X,29
"달성군","계","15~19세",9949,93,X,X,X,85,X,X,8841,6906,460,1117,X,X,58,31,41,226,803,88,67,347,301,X,194,14
"달성군","계","20~24세",11029,414,80,X,X,299,9,18,8957,6517,577,1362,10,X,52,26,79,332,767,44,39,348,336,X,804,83
"달성군","계","25~29세",14888,1769,1244,35,7,445,15,23,9787,6868,543,1528,13,23,108,33,79,592,791,63,54,317,357,6,2181,354
"달성군","계","30~34세",18181,2912,2543,43,16,258,14,38,11688,9350,309,1064,40,64,206,X,33,620,788,108,88,264,328,15,2425,353
"달성군","계","35~39세",24164,2131,1893,28,X,149,9,51,18252,15435,389,1261,28,64,267,X,18,789,1248,189,184,475,400,10,2255,268
"달성군","계","40~44세",20681,1444,1221,20,X,120,8,73,16005,13374,339,1243,12,66,201,X,7,763,1182,199,118,522,343,14,1843,193
"달성군","계","45~49세",20093,2123,1886,21,X,95,11,108,14591,11533,455,1405,14,85,168,X,X,929,1170,122,92,557,399,7,1984,218
"달성군","계","50~54세",19429,3457,3200,28,X,69,X,152,12752,9628,449,1404,39,138,87,8,X,996,1092,80,60,550,402,X,1922,202
"달성군","계","55~59세",19397,5697,5413,35,12,22,14,201,10220,7329,438,1003,56,243,60,28,14,1049,1011,96,57,441,417,12,2218,239
"달성군","계","60~64세",15573,6676,6423,23,12,14,12,192,5651,3491,245,664,55,229,23,60,29,855,960,159,78,296,427,12,2087,187
"달성군","계","65~69세",10120,4930,4767,16,5,13,X,125,2699,1308,126,383,28,139,X,71,23,618,818,169,61,237,351,9,1536,128
"달성군","계","70~74세",6924,3184,3093,7,X,6,X,74,1734,613,69,278,20,61,6,65,39,583,704,160,40,208,296,6,1209,87
"달성군","계","75~79세",5372,1988,1946,X,X,X,6,30,1387,298,42,259,31,71,X,56,64,565,744,107,52,290,295,X,1166,85
"달성군","계","80~84세",3513,921,906,X,X,X,X,10,1006,101,23,151,37,121,X,32,66,473,584,68,38,250,228,6,918,78
"달성군","계","85세이상",1977,266,254,X,X,X,X,9,713,28,14,62,25,198,X,11,47,328,416,23,32,184,177,19,501,62
"달성군","남자","합계",122037,19211,17436,144,37,919,66,609,81506,64538,4287,5333,204,578,896,274,244,5152,7454,1088,857,2630,2879,66,12362,1438
"달성군","남자","15세미만",21306,11,X,X,X,7,X,X,19595,16891,625,1375,X,X,225,59,58,362,1663,247,167,635,614,21,X,16
"달성군","남자","15~19세",5233,42,X,X,X,40,X,X,4659,3641,269,584,X,X,20,18,19,108,411,45,34,176,156,X,112,8
"달성군","남자","20~24세",5578,190,11,X,X,158,5,12,4512,3247,319,681,X,X,29,14,46,175,390,19,23,179,169,X,435,49
"달성군","남자","25~29세",7943,683,380,18,X,258,11,12,5130,3526,349,831,X,5,58,16,51,290,400,26,24,170,180,X,1520,208
"달성군","남자","30~34세",9396,1473,1263,21,8,151,11,19,5473,4206,237,551,22,25,95,X,25,311,337,41,36,107,153,7,1871,235
"달성군","남자","35~39세",12333,1213,1074,16,X,89,7,26,8709,7339,333,428,15,35,136,X,11,412,569,89,85,221,174,X,1656,183
"달성군","남자","40~44세",10848,747,618,11,X,69,5,42,8117,6822,321,357,7,38,115,X,5,452,592,106,65,245,176,6,1264,122
"달성군","남자","45~49세",10339,942,797,9,X,67,5,64,7398,5959,438,307,7,31,101,X,X,554,625,73,53,276,223,6,1231,137
"달성군","남자","50~54세",9429,1473,1318,16,X,48,X,88,6186,4902,440,148,17,56,55,5,X,563,581,38,29,289,225,X,1078,110
"달성군","남자","55~59세",9633,2428,2282,24,X,13,6,100,5519,4282,437,45,26,112,39,6,X,571,515,47,47,215,206,X,1027,140
"달성군","남자","60~64세",7738,3328,3188,11,7,9,9,104,3091,2201,245,20,29,119,17,23,X,434,400,54,72,86,188,6,823,90
"달성군","남자","65~69세",4952,2699,2616,10,X,8,X,61,1347,815,126,6,15,77,X,38,X,264,307,90,60,28,129,X,541,57
"달성군","남자","70~74세",3317,1904,1845,5,X,X,X,51,806,409,69,X,10,29,X,35,X,249,239,86,40,X,111,X,329,35
"달성군","남자","75~79세",2167,1242,1217,X,X,X,X,20,485,198,42,X,15,15,X,26,X,186,192,57,52,X,82,X,226,22
"달성군","남자","80~84세",1246,624,620,X,X,X,X,X,301,77,23,X,16,20,X,22,10,132,142,52,38,X,52,X,163,16
"달성군","남자","85세이상",579,212,207,X,X,X,X,X,178,23,14,X,20,16,X,11,5,89,91,18,32,X,41,X,86,10
"달성군","여자","합계",120963,18815,17436,117,34,669,55,504,81210,61278,1415,10620,204,928,788,268,400,5309,8812,1077,554,3858,3323,103,10881,1142
"달성군","여자","15세미만",20404,10,X,X,X,X,X,X,18838,16146,599,1394,X,X,217,59,42,381,1525,243,184,567,531,18,X,13
"달성군","여자","15~19세",4716,51,X,X,X,45,X,X,4182,3265,191,533,X,X,38,13,22,118,392,43,33,171,145,X,82,6
"달성군","여자","20~24세",5451,224,69,X,X,141,X,6,4445,3270,258,681,9,X,23,12,33,157,377,25,16,169,167,X,369,34
"달성군","여자","25~29세",6945,1086,864,17,X,187,X,11,4657,3342,194,697,9,18,50,17,28,302,391,37,30,147,177,X,661,146
"달성군","여자","30~34세",8785,1439,1280,22,8,107,X,19,6215,5144,72,513,18,39,111,X,8,309,451,67,52,157,175,8,554,118
"달성군","여자","35~39세",11831,918,819,12,X,60,X,25,9543,8096,56,833,13,29,131,X,7,377,679,100,99,254,226,7,599,85
"달성군","여자","40~44세",9833,697,603,9,X,51,X,31,7888,6552,18,886,5,28,86,X,X,311,590,93,53,277,167,8,579,71
"달성군","여자","45~49세",9754,1181,1089,12,X,28,6,44,7193,5574,17,1098,7,54,67,X,X,375,545,49,39,281,176,X,753,81
"달성군","여자","50~54세",10000,1984,1882,12,X,21,X,64,6566,4726,9,1256,22,82,32,X,X,433,511,42,31,261,177,X,844,92
"달성군","여자","55~59세",9764,3269,3131,11,9,9,8,101,4701,3047,X,958,30,131,21,22,13,478,496,49,10,226,211,8,1191,99
"달성군","여자","60~64세",7835,3348,3235,12,5,5,X,88,2560,1290,X,644,26,110,6,37,26,421,560,105,6,210,239,6,1264,97
"달성군","여자","65~69세",5168,2231,2151,6,X,5,X,64,1352,493,X,377,13,62,X,33,19,354,511,79,X,209,222,8,995,71
"달성군","여자","70~74세",3607,1280,1248,X,X,5,X,23,928,204,X,278,10,32,X,30,37,334,465,74,X,206,185,X,880,52
"달성군","여자","75~79세",3205,746,729,X,X,X,X,10,902,100,X,259,16,56,X,30,61,379,552,50,X,289,213,X,940,63
"달성군","여자","80~84세",2267,297,286,X,X,X,X,7,705,24,X,151,21,101,X,10,56,341,442,16,X,250,176,6,755,62
"달성군","여자","85세이상",1398,54,47,X,X,X,X,5,535,5,X,62,5,182,X,X,42,239,325,5,X,184,136,17,415,52
