,지역별,경제활동별,항목,2016,2015,2014,2013,2012,2011,2010
153,수원시,총부가가치(기초가격),산출액(당해년가격),55277252,54230904,53241760,50793308,50509256,51822392,48069391
162,수원시,농림어업,산출액(당해년가격),2087,677,697,1292,1123,1115,2976
171,수원시,광업,산출액(당해년가격),0,0,0,0,0,0,0
180,수원시,제조업,산출액(당해년가격),10471010,11644912,11626481,13617300,14044671,14941474,13080241
189,수원시,"전기, 가스, 증기 및 수도사업",산출액(당해년가격),1034822,992476,1124437,1452877,1370480,1536184,1064118
198,수원시,건설업,산출액(당해년가격),5541101,4890427,4698316,3755033,3533860,3686942,4753578
207,수원시,도매 및 소매업,산출액(당해년가격),3842277,3684878,3508624,3473118,3537890,3257849,2898104
216,수원시,운수업,산출액(당해년가격),2071240,2013887,2083779,1878942,1849239,1884580,1709794
225,수원시,숙박 및 음식점업,산출액(당해년가격),2083761,2049156,1921760,1818569,1749151,1672451,1489841
234,수원시,"출판, 영상, 방송통신 및 정보서비스업",산출액(당해년가격),3192076,3094637,2816500,2569144,2347926,2451028,2342898
243,수원시,금융 및 보험업,산출액(당해년가격),3292522,3180907,3153144,2966596,2976748,2961248,2684260
252,수원시,부동산 및 임대업,산출액(당해년가격),3567203,3380547,3227621,3039927,3073794,2880817,2417643
261,수원시,사업서비스업,산출액(당해년가격),9211003,8808431,8918098,6311015,5543119,5999718,5460691
270,수원시,"공공행정, 국방 및  사회보장행정",산출액(당해년가격),4014774,3910515,3719093,3673155,3628722,3481222,3382624
279,수원시,교육서비스업,산출액(당해년가격),2337997,2280032,2302773,2226858,3012402,3588227,3520229
288,수원시,보건 및 사회복지사업,산출액(당해년가격),2472296,2265376,2127076,2095777,1979597,1781992,1690524
297,수원시,문화 및 기타서비스업,산출액(당해년가격),2143082,2034046,2013360,1913704,1860534,1697544,1571871
306,성남시,총부가가치(기초가격),산출액(당해년가격),53556068,51635683,49369047,47558039,46668506,44637841,41476194
315,성남시,농림어업,산출액(당해년가격),8863,10016,9762,9821,8953,57102,5555
324,성남시,광업,산출액(당해년가격),0,49,51,854,0,0,0
333,성남시,제조업,산출액(당해년가격),9838594,10517236,10253275,9532110,9187973,10577026,9777546
342,성남시,"전기, 가스, 증기 및 수도사업",산출액(당해년가격),1627936,1655758,1822533,3574539,3276745,2524463,3148690
351,성남시,건설업,산출액(당해년가격),7592779,5888730,5326006,4891307,4649254,4757698,4492487
360,성남시,도매 및 소매업,산출액(당해년가격),4471530,4227470,3892856,3792141,3696052,3374363,3053584
369,성남시,운수업,산출액(당해년가격),1726699,1668312,1546019,1625247,1561323,1459003,1458936
378,성남시,숙박 및 음식점업,산출액(당해년가격),1916907,1870262,1776088,1662571,1617782,1537726,1345507
387,성남시,"출판, 영상, 방송통신 및 정보서비스업",산출액(당해년가격),4681057,4327634,4083926,3633604,2986064,2764741,2690924
396,성남시,금융 및 보험업,산출액(당해년가격),2533063,2703146,2436894,2018781,2018376,2022633,1951229
405,성남시,부동산 및 임대업,산출액(당해년가격),4326431,4205398,4606173,4078728,4284341,3837090,2946831
414,성남시,사업서비스업,산출액(당해년가격),7093922,7176734,6558354,5876193,5640618,4653170,4133409
423,성남시,"공공행정, 국방 및  사회보장행정",산출액(당해년가격),1574473,1447101,1363629,1450545,1365706,1264424,961867
432,성남시,교육서비스업,산출액(당해년가격),2102107,2040022,1977513,1885675,3065388,2782903,2664599
441,성남시,보건 및 사회복지사업,산출액(당해년가격),2261297,2143699,1935579,1882987,1727382,1543522,1487434
450,성남시,문화 및 기타서비스업,산출액(당해년가격),1800410,1754117,1780391,1642935,1582549,1481976,1357595
459,의정부시,총부가가치(기초가격),산출액(당해년가격),12997175,12531000,12504701,13122933,12141829,10960204,10736398
468,의정부시,농림어업,산출액(당해년가격),4982,4186,5718,4975,4516,4746,4964
477,의정부시,광업,산출액(당해년가격),17340,10511,13488,10672,8622,1688,0
486,의정부시,제조업,산출액(당해년가격),518811,511761,547248,720916,576110,473467,430596
495,의정부시,"전기, 가스, 증기 및 수도사업",산출액(당해년가격),565490,902816,1077240,1616614,1559879,1036071,983488
504,의정부시,건설업,산출액(당해년가격),1462422,1330527,1260924,1179912,1064075,1134743,1432762
513,의정부시,도매 및 소매업,산출액(당해년가격),1359296,1264813,1244498,1321056,1289749,1189223,1084790
522,의정부시,운수업,산출액(당해년가격),688973,598827,624342,556697,579917,563367,505443
531,의정부시,숙박 및 음식점업,산출액(당해년가격),726146,659873,634590,630813,602502,603527,551822
540,의정부시,"출판, 영상, 방송통신 및 정보서비스업",산출액(당해년가격),724987,712966,711806,722062,664447,646320,639991
549,의정부시,금융 및 보험업,산출액(당해년가격),1240121,1118720,1110143,1015988,1035786,950768,963664
558,의정부시,부동산 및 임대업,산출액(당해년가격),1038058,1038215,1019018,978257,905092,893605,881964
567,의정부시,사업서비스업,산출액(당해년가격),816409,865297,835254,894027,828245,655774,641517
576,의정부시,"공공행정, 국방 및  사회보장행정",산출액(당해년가격),1317730,1177549,1142185,1193190,1122504,1065902,925216
585,의정부시,교육서비스업,산출액(당해년가격),757370,760882,774441,762708,450109,392196,413553
594,의정부시,보건 및 사회복지사업,산출액(당해년가격),1051587,892562,830548,828961,791256,734441,694814
603,의정부시,문화 및 기타서비스업,산출액(당해년가격),707452,681493,673257,686083,659021,614364,581814
612,안양시,총부가가치(기초가격),산출액(당해년가격),33812701,31816557,31520261,30923802,30492399,30550534,29616547
621,안양시,농림어업,산출액(당해년가격),763,1153,697,1938,1760,1429,194
630,안양시,광업,산출액(당해년가격),18065,16297,14506,11526,8622,127,0
639,안양시,제조업,산출액(당해년가격),7404155,7341547,7364455,7209159,7127292,8212727,8315981
648,안양시,"전기, 가스, 증기 및 수도사업",산출액(당해년가격),310714,291930,305303,507354,473463,382339,512629
657,안양시,건설업,산출액(당해년가격),4679401,4067923,3572772,3290205,3438658,3797156,3316020
666,안양시,도매 및 소매업,산출액(당해년가격),2783229,2583054,2614247,2629010,2585036,2441345,2324648
675,안양시,운수업,산출액(당해년가격),1227661,1173828,1190293,1292973,1315631,1110907,962519
684,안양시,숙박 및 음식점업,산출액(당해년가격),1110041,1045102,1005225,1034406,992232,985348,867136
693,안양시,"출판, 영상, 방송통신 및 정보서비스업",산출액(당해년가격),3201536,3227633,3034139,2748495,2509872,2434341,2114618
702,안양시,금융 및 보험업,산출액(당해년가격),1960540,1862599,1928366,1961604,1992860,1861821,1644465
711,안양시,부동산 및 임대업,산출액(당해년가격),2416529,2066506,2227879,2182757,1899264,1983745,1904817
720,안양시,사업서비스업,산출액(당해년가격),4165780,3792440,3662726,3588298,3252884,2707593,3000742
729,안양시,"공공행정, 국방 및  사회보장행정",산출액(당해년가격),1018734,962929,1247079,1190851,1125976,1121743,973130
738,안양시,교육서비스업,산출액(당해년가격),1171738,1232806,1230017,1187841,1767777,1619319,1934425
747,안양시,보건 및 사회복지사업,산출액(당해년가격),1193317,1096386,1021835,1028741,960944,876709,849001
756,안양시,문화 및 기타서비스업,산출액(당해년가격),1150496,1054423,1100722,1058645,1040128,1013885,896223
765,부천시,총부가가치(기초가격),산출액(당해년가격),34328473,33166558,32245435,32687495,31638019,31286186,30126592
774,부천시,농림어업,산출액(당해년가격),1367,1490,1395,1938,1875,1924,1524
783,부천시,광업,산출액(당해년가격),0,147,153,0,0,1139,1181
792,부천시,제조업,산출액(당해년가격),10256516,10243919,10375338,10533382,10008042,10965572,10315164
801,부천시,"전기, 가스, 증기 및 수도사업",산출액(당해년가격),179572,287820,313425,500435,476489,387460,465112
810,부천시,건설업,산출액(당해년가격),3520581,2969229,2061419,2017712,2189386,2226179,2427736
819,부천시,도매 및 소매업,산출액(당해년가격),2850331,2710446,2745260,2727558,2858852,2662365,2408119
828,부천시,운수업,산출액(당해년가격),1199895,1209566,1118916,1054848,1050347,1072011,1000977
837,부천시,숙박 및 음식점업,산출액(당해년가격),1343142,1272599,1256677,1254670,1270828,1227982,1106953
846,부천시,"출판, 영상, 방송통신 및 정보서비스업",산출액(당해년가격),2013433,2011704,1830725,1677048,1528257,1479999,1343220
855,부천시,금융 및 보험업,산출액(당해년가격),2356460,2201720,2361137,2388231,2438745,2203194,2345497
864,부천시,부동산 및 임대업,산출액(당해년가격),2401704,2361304,2321925,2437677,2231387,2242680,1959953
873,부천시,사업서비스업,산출액(당해년가격),2455508,2225082,2151325,2454509,2289985,1890490,1798646
882,부천시,"공공행정, 국방 및  사회보장행정",산출액(당해년가격),1053385,1152257,1200459,1193190,1140945,1084584,1216815
891,부천시,교육서비스업,산출액(당해년가격),1333204,1329645,1378771,1343880,1244490,1130638,1159496
900,부천시,보건 및 사회복지사업,산출액(당해년가격),1803830,1666748,1557577,1534806,1416412,1322148,1261986
909,부천시,문화 및 기타서비스업,산출액(당해년가격),1559547,1522881,1570933,1567609,1491979,1387820,1314214
918,광명시,총부가가치(기초가격),산출액(당해년가격),14444601,14083477,13684527,13481410,12917158,10206449,9387431
927,광명시,농림어업,산출액(당해년가격),1923,2523,2092,2714,2588,2499,3229
936,광명시,광업,산출액(당해년가격),0,0,0,0,0,0,0
945,광명시,제조업,산출액(당해년가격),6156188,6442606,6143827,5967582,5723080,3800501,3317304
954,광명시,"전기, 가스, 증기 및 수도사업",산출액(당해년가격),206534,265738,291378,475068,430565,281634,199804
963,광명시,건설업,산출액(당해년가격),1322336,1017448,897525,950873,1073992,1047886,1105500
972,광명시,도매 및 소매업,산출액(당해년가격),1196197,1135241,1109179,1075203,1092460,949144,847348
981,광명시,운수업,산출액(당해년가격),583417,505333,500909,501889,475040,476576,512703
990,광명시,숙박 및 음식점업,산출액(당해년가격),443886,421682,425504,408260,403189,369126,341743
999,광명시,"출판, 영상, 방송통신 및 정보서비스업",산출액(당해년가격),566245,512962,537696,489139,427959,347512,293759
1008,광명시,금융 및 보험업,산출액(당해년가격),570685,528440,464318,448618,456481,490684,411097
1017,광명시,부동산 및 임대업,산출액(당해년가격),812542,846742,821290,678726,672770,659204,627244
1026,광명시,사업서비스업,산출액(당해년가격),560089,496599,539383,548607,527394,363456,341863
1035,광명시,"공공행정, 국방 및  사회보장행정",산출액(당해년가격),381082,345765,384613,421126,386607,326217,360789
1044,광명시,교육서비스업,산출액(당해년가격),532568,506985,517908,506699,286612,217371,220381
1053,광명시,보건 및 사회복지사업,산출액(당해년가격),574754,548767,514574,508123,481182,426326,392945
1062,광명시,문화 및 기타서비스업,산출액(당해년가격),536155,506647,534331,498785,477239,448314,411721
1071,평택시,총부가가치(기초가격),산출액(당해년가격),59009129,61320040,61526013,62864392,59303355,59901871,61016643
1080,평택시,농림어업,산출액(당해년가격),511810,567690,570254,575058,533855,533356,540460
1089,평택시,광업,산출액(당해년가격),11304,13405,12063,10245,8622,18147,18957
1098,평택시,제조업,산출액(당해년가격),43714406,46606082,47665522,49218530,46224179,47802803,49694735
1107,평택시,"전기, 가스, 증기 및 수도사업",산출액(당해년가격),1199103,1139705,986135,1275303,1171879,896108,1321906
1116,평택시,건설업,산출액(당해년가격),2261307,2134586,2025379,1871851,1850231,1878506,1778006
1125,평택시,도매 및 소매업,산출액(당해년가격),1620446,1535647,1460359,1477258,1461432,1383157,1205467
1134,평택시,운수업,산출액(당해년가격),1318415,1224457,1206131,1036164,1017238,931531,896886
1143,평택시,숙박 및 음식점업,산출액(당해년가격),928014,866209,811295,782727,740141,724039,649568
1152,평택시,"출판, 영상, 방송통신 및 정보서비스업",산출액(당해년가격),464879,510524,460882,419262,374756,344441,389736
1161,평택시,금융 및 보험업,산출액(당해년가격),950300,979187,957740,952214,963994,964223,886634
1170,평택시,부동산 및 임대업,산출액(당해년가격),1238200,1204586,1000910,968698,887771,837338,903758
1179,평택시,사업서비스업,산출액(당해년가격),1602814,1503686,1407699,1332912,1260633,1058268,599549
1188,평택시,"공공행정, 국방 및  사회보장행정",산출액(당해년가격),955674,894522,953374,1010703,899913,794499,704415
1197,평택시,교육서비스업,산출액(당해년가격),691803,708073,701119,685667,685090,632914,386499
1206,평택시,보건 및 사회복지사업,산출액(당해년가격),775526,715140,646717,616686,578435,525524,501968
1215,평택시,문화 및 기타서비스업,산출액(당해년가격),765127,716541,660433,631115,645186,577016,538099
1224,동두천시,총부가가치(기초가격),산출액(당해년가격),3271505,3244720,3138368,3096591,3158209,2772014,2635994
1233,동두천시,농림어업,산출액(당해년가격),26784,26815,30681,34891,33156,30780,30238
1242,동두천시,광업,산출액(당해년가격),0,0,0,0,0,0,0
1251,동두천시,제조업,산출액(당해년가격),773499,779521,707964,680865,813978,592907,696216
1260,동두천시,"전기, 가스, 증기 및 수도사업",산출액(당해년가격),359884,370651,396222,415108,381623,266272,179043
1269,동두천시,건설업,산출액(당해년가격),240787,197279,190363,164667,197345,167146,172622
1278,동두천시,도매 및 소매업,산출액(당해년가격),243279,233256,236063,247922,257058,257601,236343
1287,동두천시,운수업,산출액(당해년가격),151148,143910,145923,139823,130128,130342,117825
1296,동두천시,숙박 및 음식점업,산출액(당해년가격),174791,169883,167620,163223,163636,165543,147469
1305,동두천시,"출판, 영상, 방송통신 및 정보서비스업",산출액(당해년가격),128025,109039,102418,102486,93543,98725,102255
1314,동두천시,금융 및 보험업,산출액(당해년가격),203242,176593,156180,142942,168018,159076,139978
1323,동두천시,부동산 및 임대업,산출액(당해년가격),171347,199937,152751,159325,158639,125334,157180
1332,동두천시,사업서비스업,산출액(당해년가격),45472,83896,87114,117849,112461,118874,92450
1341,동두천시,"공공행정, 국방 및  사회보장행정",산출액(당해년가격),174213,233615,249416,236299,240599,258880,204710
1350,동두천시,교육서비스업,산출액(당해년가격),138590,132086,146147,140080,61117,71094,59598
1359,동두천시,보건 및 사회복지사업,산출액(당해년가격),291003,235606,215619,208600,202355,188736,171610
1368,동두천시,문화 및 기타서비스업,산출액(당해년가격),149440,152632,153887,142510,144555,140704,128457
1377,안산시,총부가가치(기초가격),산출액(당해년가격),59378650,59438858,58068153,59159301,57366276,52518850,47142372
1386,안산시,농림어업,산출액(당해년가격),61641,63451,68336,63773,57083,55261,51249
1395,안산시,광업,산출액(당해년가격),20731,33861,24177,20064,17245,14771,6811
1404,안산시,제조업,산출액(당해년가격),37932664,38715273,38022561,39209814,37435080,34363957,29907837
1413,안산시,"전기, 가스, 증기 및 수도사업",산출액(당해년가격),992134,1016895,874951,1406754,1348826,1351842,1007579
1422,안산시,건설업,산출액(당해년가격),3230190,3089698,2774587,2346082,2284340,2066332,2231858
1431,안산시,도매 및 소매업,산출액(당해년가격),2522421,2383677,2370235,2396742,2327330,2143603,1984033
1440,안산시,운수업,산출액(당해년가격),1399878,1421230,1318794,1211384,1271522,1246111,1187280
1449,안산시,숙박 및 음식점업,산출액(당해년가격),1165457,1129657,1124138,1080900,1077323,1021548,907846
1458,안산시,"출판, 영상, 방송통신 및 정보서비스업",산출액(당해년가격),920393,927776,896159,794268,712387,666943,691119
1467,안산시,금융 및 보험업,산출액(당해년가격),1508125,1612332,1490484,1539375,1565139,1652396,1439558
1476,안산시,부동산 및 임대업,산출액(당해년가격),1784742,1683560,1688725,1561388,1387056,1336275,1259261
1485,안산시,사업서비스업,산출액(당해년가격),2848594,2690789,2854554,3055945,3005894,2144288,2067004
1494,안산시,"공공행정, 국방 및  사회보장행정",산출액(당해년가격),1140109,1030466,967360,942854,909025,924042,945776
1503,안산시,교육서비스업,산출액(당해년가격),1201878,1140016,1131364,1090316,1633550,1282425,1332493
1512,안산시,보건 및 사회복지사업,산출액(당해년가격),1470539,1364994,1318258,1289381,1204563,1156913,1116996
1521,안산시,문화 및 기타서비스업,산출액(당해년가격),1179154,1135182,1143469,1150258,1129913,1092144,1005671
1530,고양시,총부가가치(기초가격),산출액(당해년가격),35198471,32552416,30902159,30103564,28913099,26852581,25595759
1539,고양시,농림어업,산출액(당해년가격),39984,49741,46719,73013,65562,66733,95998
1548,고양시,광업,산출액(당해년가격),0,0,10943,10672,8622,0,0
1557,고양시,제조업,산출액(당해년가격),3370277,3444696,3283489,3204071,2982876,2796514,2816415
1566,고양시,"전기, 가스, 증기 및 수도사업",산출액(당해년가격),974563,985854,845147,1558960,1501682,952434,1031364
1575,고양시,건설업,산출액(당해년가격),4421165,3789164,3215841,2902526,3098511,3243166,2939608
1584,고양시,도매 및 소매업,산출액(당해년가격),4122805,3838489,3652818,3364018,3372608,3143709,2855545
1593,고양시,운수업,산출액(당해년가격),1897835,1790205,1812312,1618396,1594117,1480830,1314916
1602,고양시,숙박 및 음식점업,산출액(당해년가격),1606355,1536094,1439409,1376560,1336881,1313813,1210534
1611,고양시,"출판, 영상, 방송통신 및 정보서비스업",산출액(당해년가격),2857373,2552589,2491323,2317587,2192119,2132023,2078739
1620,고양시,금융 및 보험업,산출액(당해년가격),1919892,1835362,1844388,1935215,1947450,2032399,1770807
1629,고양시,부동산 및 임대업,산출액(당해년가격),3942968,3387552,3159278,2963451,2864842,2818417,2813944
1638,고양시,사업서비스업,산출액(당해년가격),2493188,2433767,2294634,2271640,2126905,1567107,1527291
1647,고양시,"공공행정, 국방 및  사회보장행정",산출액(당해년가격),1481740,1386642,1386938,1368660,1332296,1197498,1163179
1656,고양시,교육서비스업,산출액(당해년가격),1834931,1788117,1732776,1646236,1155864,937233,984567
1665,고양시,보건 및 사회복지사업,산출액(당해년가격),2292559,1986868,1922850,1843516,1755564,1640298,1577837
1674,고양시,문화 및 기타서비스업,산출액(당해년가격),1942836,1747276,1763293,1649043,1577200,1530407,1415014
1683,과천시,총부가가치(기초가격),산출액(당해년가격),5000411,4942873,4900821,4777601,5089239,5028693,4457875
1692,과천시,농림어업,산출액(당해년가격),6818,11986,9065,7431,6702,12872,21933
1701,과천시,광업,산출액(당해년가격),0,0,0,0,0,0,0
1710,과천시,제조업,산출액(당해년가격),55650,72233,81375,60076,54958,53273,54316
1719,과천시,"전기, 가스, 증기 및 수도사업",산출액(당해년가격),213647,510543,574848,539640,549418,191170,148918
1728,과천시,건설업,산출액(당해년가격),605957,571526,415611,353443,352791,661528,592189
1737,과천시,도매 및 소매업,산출액(당해년가격),357010,342818,322169,336678,334161,294670,277942
1746,과천시,운수업,산출액(당해년가격),96156,100726,99675,85015,74808,78722,67105
1755,과천시,숙박 및 음식점업,산출액(당해년가격),107470,113407,116709,107753,117495,109703,103842
1764,과천시,"출판, 영상, 방송통신 및 정보서비스업",산출액(당해년가격),443997,535720,601707,535724,507762,257988,151140
1773,과천시,금융 및 보험업,산출액(당해년가격),132739,131719,119079,116553,120229,129344,122440
1782,과천시,부동산 및 임대업,산출액(당해년가격),250605,240217,210580,203936,194105,189601,137170
1791,과천시,사업서비스업,산출액(당해년가격),653941,537158,479915,621755,642597,524267,544750
1800,과천시,"공공행정, 국방 및  사회보장행정",산출액(당해년가격),1406624,1109473,1223769,1169795,1310384,1563542,1408294
1809,과천시,교육서비스업,산출액(당해년가격),121577,120815,114732,119475,349219,313546,351173
1818,과천시,보건 및 사회복지사업,산출액(당해년가격),102417,98504,95573,102977,88582,90096,81356
1827,과천시,문화 및 기타서비스업,산출액(당해년가격),445803,446028,436014,417350,386027,558369,395309
1836,구리시,총부가가치(기초가격),산출액(당해년가격),7246341,6970149,6310531,6363263,6266972,5648019,5583333
1845,구리시,농림어업,산출액(당해년가격),2262,2223,2092,1292,1259,1422,3803
1854,구리시,광업,산출액(당해년가격),46,52,0,0,0,0,0
1863,구리시,제조업,산출액(당해년가격),356233,493899,508595,480611,505015,388051,437251
1872,구리시,"전기, 가스, 증기 및 수도사업",산출액(당해년가격),257687,262271,225073,355148,338794,252617,201668
1881,구리시,건설업,산출액(당해년가격),1268247,1096826,490000,530647,685996,758361,911300
1890,구리시,도매 및 소매업,산출액(당해년가격),892800,846247,861127,831695,867552,765473,710952
1899,구리시,운수업,산출액(당해년가격),377060,350149,374098,353761,331187,327820,246835
1908,구리시,숙박 및 음식점업,산출액(당해년가격),375165,345774,349812,345116,342160,321427,294764
1917,구리시,"출판, 영상, 방송통신 및 정보서비스업",산출액(당해년가격),294102,300078,350782,321434,292029,266338,375832
1926,구리시,금융 및 보험업,산출액(당해년가격),795974,790315,718472,688321,696074,663866,610605
1935,구리시,부동산 및 임대업,산출액(당해년가격),559371,497654,542074,532147,451996,464003,372741
1944,구리시,사업서비스업,산출액(당해년가격),523572,450928,407922,402312,395109,295010,321958
1953,구리시,"공공행정, 국방 및  사회보장행정",산출액(당해년가격),435118,463732,452212,498332,462973,382674,306975
1962,구리시,교육서비스업,산출액(당해년가격),302477,300604,302537,321739,214722,176436,207550
1971,구리시,보건 및 사회복지사업,산출액(당해년가격),424610,399971,362389,364793,353131,290950,295961
1980,구리시,문화 및 기타서비스업,산출액(당해년가격),381619,369426,363345,335916,328976,293570,285138
1989,남양주시,총부가가치(기초가격),산출액(당해년가격),16740870,15894706,14041664,13908177,12384718,11686557,10105448
1998,남양주시,농림어업,산출액(당해년가격),68689,69255,75309,68813,63289,68423,71566
2007,남양주시,광업,산출액(당해년가격),13789,12010,11758,9776,8622,6330,5286
2016,남양주시,제조업,산출액(당해년가격),3637219,3338734,2990538,2643358,2543584,2737814,2301818
2025,남양주시,"전기, 가스, 증기 및 수도사업",산출액(당해년가격),854006,902363,609326,1033157,991841,665680,328359
2034,남양주시,건설업,산출액(당해년가격),2027250,1750533,1368350,1299012,1107709,1331571,982986
2043,남양주시,도매 및 소매업,산출액(당해년가격),2137406,1937373,1754908,1622839,1463302,1323259,1196749
2052,남양주시,운수업,산출액(당해년가격),948377,901750,838685,834889,825819,754742,694101
2061,남양주시,숙박 및 음식점업,산출액(당해년가격),823065,787024,734209,686373,644172,613554,575203
2070,남양주시,"출판, 영상, 방송통신 및 정보서비스업",산출액(당해년가격),441267,425284,458321,419262,372710,307145,305420
2079,남양주시,금융 및 보험업,산출액(당해년가격),452415,435790,426329,453016,444588,426446,338307
2088,남양주시,부동산 및 임대업,산출액(당해년가격),1365641,1690273,1264062,1328773,1213296,1108807,1108342
2097,남양주시,사업서비스업,산출액(당해년가격),427743,355809,342813,406376,376781,282792,277711
2106,남양주시,"공공행정, 국방 및  사회보장행정",산출액(당해년가격),688991,591432,641022,701877,669728,538699,517406
2115,남양주시,교육서비스업,산출액(당해년가격),933746,891225,840747,810217,204761,169128,179026
2124,남양주시,보건 및 사회복지사업,산출액(당해년가격),1107946,1005774,905164,855496,781089,719997,631180
2133,남양주시,문화 및 기타서비스업,산출액(당해년가격),813320,800079,780123,734944,673426,632169,591988
2142,오산시,총부가가치(기초가격),산출액(당해년가격),12459840,11762608,11439868,10753225,10564890,6654665,5759652
2151,오산시,농림어업,산출액(당해년가격),9822,12204,11854,10015,9146,12931,8170
2160,오산시,광업,산출액(당해년가격),0,0,0,0,0,0,0
2169,오산시,제조업,산출액(당해년가격),7251989,6994574,6713454,6408141,6580582,2915661,2220236
2178,오산시,"전기, 가스, 증기 및 수도사업",산출액(당해년가격),138759,139281,147490,186798,177465,151912,234923
2187,오산시,건설업,산출액(당해년가격),801877,574561,559076,474472,429894,573697,550712
2196,오산시,도매 및 소매업,산출액(당해년가격),604192,558573,515842,505637,473407,476178,406788
2205,오산시,운수업,산출액(당해년가격),365392,359296,360583,330509,313585,289235,274010
2214,오산시,숙박 및 음식점업,산출액(당해년가격),355277,325340,330787,306431,297034,282974,250527
2223,오산시,"출판, 영상, 방송통신 및 정보서비스업",산출액(당해년가격),135141,129598,174111,149071,129206,113205,85661
2232,오산시,금융 및 보험업,산출액(당해년가격),240905,249820,235047,241902,248026,231561,194812
2241,오산시,부동산 및 임대업,산출액(당해년가격),344404,368935,378810,321837,295832,296268,227926
2250,오산시,사업서비스업,산출액(당해년가격),743142,700394,692170,568926,514178,299463,328193
2259,오산시,"공공행정, 국방 및  사회보장행정",산출액(당해년가격),328218,244754,310022,292449,272057,319032,288560
2268,오산시,교육서비스업,산출액(당해년가격),415834,442841,397589,383555,279429,179099,211569
2277,오산시,보건 및 사회복지사업,산출액(당해년가격),412352,363812,318084,298641,282041,269552,246535
2286,오산시,문화 및 기타서비스업,산출액(당해년가격),312539,298623,294951,274841,263009,243898,231030
2295,시흥시,총부가가치(기초가격),산출액(당해년가격),27168852,26882264,26800682,25982111,26088873,26134198,23089716
2304,시흥시,농림어업,산출액(당해년가격),73079,57095,62757,46522,41432,40027,23534
2313,시흥시,광업,산출액(당해년가격),0,0,31,0,0,0,0
2322,시흥시,제조업,산출액(당해년가격),16613595,16927498,17088791,16420862,16749569,18007688,15620753
2331,시흥시,"전기, 가스, 증기 및 수도사업",산출액(당해년가격),219606,214527,271635,541946,516279,267979,298821
2340,시흥시,건설업,산출액(당해년가격),1845289,1518234,1371584,1023201,1045233,1023556,892839
2349,시흥시,도매 및 소매업,산출액(당해년가격),1828462,1740967,1707020,1642907,1720360,1544768,1400074
2358,시흥시,운수업,산출액(당해년가격),775513,786665,749886,711986,720836,654296,599134
2367,시흥시,숙박 및 음식점업,산출액(당해년가격),677500,626015,631442,604021,613427,579332,527701
2376,시흥시,"출판, 영상, 방송통신 및 정보서비스업",산출액(당해년가격),380481,387069,414794,395970,368617,314604,312147
2385,시흥시,금융 및 보험업,산출액(당해년가격),465734,435566,403446,400238,411936,429484,313700
2394,시흥시,부동산 및 임대업,산출액(당해년가격),997289,970499,954180,895408,869900,830672,891239
2403,시흥시,사업서비스업,산출액(당해년가격),713021,749176,630559,885899,828744,497448,451460
2412,시흥시,"공공행정, 국방 및  사회보장행정",산출액(당해년가격),634803,596501,682980,643387,632629,584070,498812
2421,시흥시,교육서비스업,산출액(당해년가격),613046,611483,602654,599943,450380,297507,291033
2430,시흥시,보건 및 사회복지사업,산출액(당해년가격),733819,683430,641161,620141,563560,556149,495986
2439,시흥시,문화 및 기타서비스업,산출액(당해년가격),597615,577539,587764,549681,555971,506618,472481
2448,군포시,총부가가치(기초가격),산출액(당해년가격),12941580,12549620,12662657,12502246,11851448,13374571,12730743
2457,군포시,농림어업,산출액(당해년가격),1985,2138,2092,2003,1896,2101,1599
2466,군포시,광업,산출액(당해년가격),0,0,0,0,0,0,0
2475,군포시,제조업,산출액(당해년가격),4731868,4785251,4809274,4726004,4264693,5914848,5458273
2484,군포시,"전기, 가스, 증기 및 수도사업",산출액(당해년가격),225101,254780,286363,530415,543741,489872,366197
2493,군포시,건설업,산출액(당해년가격),1195462,1110368,1163663,1070938,1065315,1204326,1488865
2502,군포시,도매 및 소매업,산출액(당해년가격),816249,731138,711435,755628,779876,718490,651231
2511,군포시,운수업,산출액(당해년가격),928390,869841,890212,815997,719789,841947,786321
2520,군포시,숙박 및 음식점업,산출액(당해년가격),378106,335307,331147,330575,321740,323635,279176
2529,군포시,"출판, 영상, 방송통신 및 정보서비스업",산출액(당해년가격),561709,521421,460882,428579,381187,372084,374935
2538,군포시,금융 및 보험업,산출액(당해년가격),200486,217672,213720,230906,235484,241978,268143
2547,군포시,부동산 및 임대업,산출액(당해년가격),743262,699343,705047,720150,671121,649604,494923
2556,군포시,사업서비스업,산출액(당해년가격),1278692,1226440,1327807,1162235,1093188,964246,959278
2565,군포시,"공공행정, 국방 및  사회보장행정",산출액(당해년가격),400817,390305,396268,383693,365562,311846,274794
2574,군포시,교육서비스업,산출액(당해년가격),508482,486995,487239,491107,594092,576683,618398
2583,군포시,보건 및 사회복지사업,산출액(당해년가격),513753,461742,447905,448880,404486,369698,342023
2592,군포시,문화 및 기타서비스업,산출액(당해년가격),457217,456882,429602,405135,409276,393213,366587
2601,의왕시,총부가가치(기초가격),산출액(당해년가격),6214343,5869726,5375386,5233327,4965462,6618882,5499771
2610,의왕시,농림어업,산출액(당해년가격),4440,5627,5578,3748,3359,3605,5169
2619,의왕시,광업,산출액(당해년가격),0,0,0,0,0,0,0
2628,의왕시,제조업,산출액(당해년가격),1794705,1693942,1749567,1682137,1485217,3488870,2766297
2637,의왕시,"전기, 가스, 증기 및 수도사업",산출액(당해년가격),143040,126111,195735,272126,292877,211652,78715
2646,의왕시,건설업,산출액(당해년가격),592247,475105,361782,318002,333453,329669,346443
2655,의왕시,도매 및 소매업,산출액(당해년가격),443353,408396,372044,359849,374798,339070,304507
2664,의왕시,운수업,산출액(당해년가격),465113,457044,480425,476145,432816,468714,395956
2673,의왕시,숙박 및 음식점업,산출액(당해년가격),194398,187176,181427,176597,179723,174237,160661
2682,의왕시,"출판, 영상, 방송통신 및 정보서비스업",산출액(당해년가격),290895,248847,89616,69877,61680,77664,146655
2691,의왕시,금융 및 보험업,산출액(당해년가격),87957,249820,87532,90163,91902,87459,73296
2700,의왕시,부동산 및 임대업,산출액(당해년가격),449892,397248,391076,344143,340097,320802,204337
2709,의왕시,사업서비스업,산출액(당해년가격),670921,535824,388626,390121,381519,256387,237541
2718,의왕시,"공공행정, 국방 및  사회보장행정",산출액(당해년가격),376948,415912,393937,397730,376844,366866,317166
2727,의왕시,교육서비스업,산출액(당해년가격),222063,207689,218040,213453,207336,153336,153131
2736,의왕시,보건 및 사회복지사업,산출액(당해년가격),259016,251964,241991,235649,205943,173145,156729
2745,의왕시,문화 및 기타서비스업,산출액(당해년가격),219355,209021,218007,203586,197899,167406,153166
2754,하남시,총부가가치(기초가격),산출액(당해년가격),7711506,7022708,6791423,6731011,6441296,5852380,5679650
2763,하남시,농림어업,산출액(당해년가격),3867,3221,4184,3425,3051,3780,9165
2772,하남시,광업,산출액(당해년가격),0,0,0,0,0,6415,6284
2781,하남시,제조업,산출액(당해년가격),750468,929382,821889,801018,882757,762970,851141
2790,하남시,"전기, 가스, 증기 및 수도사업",산출액(당해년가격),641444,581837,850274,952442,909242,684456,346806
2799,하남시,건설업,산출액(당해년가격),1388640,1214961,980693,1028746,924496,885362,933597
2808,하남시,도매 및 소매업,산출액(당해년가격),1389013,1189131,1205286,1206785,1185890,1114386,1088634
2817,하남시,운수업,산출액(당해년가격),427299,422157,403452,382515,355703,330200,310408
2826,하남시,숙박 및 음식점업,산출액(당해년가격),276658,216984,200676,196523,195902,208734,190921
2835,하남시,"출판, 영상, 방송통신 및 정보서비스업",산출액(당해년가격),492321,396559,396871,361031,316876,332155,206304
2844,하남시,금융 및 보험업,산출액(당해년가격),189233,166993,156180,171530,171910,181429,180418
2853,하남시,부동산 및 임대업,산출액(당해년가격),669706,557781,421159,398313,370890,298402,569139
2862,하남시,사업서비스업,산출액(당해년가격),313422,304582,354548,272272,245494,208029,193654
2871,하남시,"공공행정, 국방 및  사회보장행정",산출액(당해년가격),355469,334432,349648,343920,325643,281052,270145
2880,하남시,교육서비스업,산출액(당해년가격),243217,197600,177375,166984,133413,124415,124839
2889,하남시,보건 및 사회복지사업,산출액(당해년가격),287159,252538,214845,197134,184190,185764,177966
2898,하남시,문화 및 기타서비스업,산출액(당해년가격),283589,254552,254342,248374,235838,244830,220228
2907,용인시,총부가가치(기초가격),산출액(당해년가격),83971251,81645075,85191855,85545631,81337596,85798383,76462307
2916,용인시,농림어업,산출액(당해년가격),508499,486932,505544,446477,418812,420729,85017
2925,용인시,광업,산출액(당해년가격),106950,91480,83170,88109,70494,57522,60043
2934,용인시,제조업,산출액(당해년가격),56147452,55541940,60441428,62050833,59085537,62260528,55563218
2943,용인시,"전기, 가스, 증기 및 수도사업",산출액(당해년가격),574389,671048,829503,1178445,1172325,938779,415230
2952,용인시,건설업,산출액(당해년가격),3873536,3203396,2655379,2464941,2472264,2998894,3131890
2961,용인시,도매 및 소매업,산출액(당해년가격),2805208,2616338,2470648,2361709,2222321,2025274,1812971
2970,용인시,운수업,산출액(당해년가격),2011818,1898908,1822659,1812300,1651952,1362384,1291273
2979,용인시,숙박 및 음식점업,산출액(당해년가격),1312329,1270096,1203787,1095979,1067643,1012256,915073
2988,용인시,"출판, 영상, 방송통신 및 정보서비스업",산출액(당해년가격),1647969,1424942,1421052,1234494,1142977,1089486,1014030
2997,용인시,금융 및 보험업,산출액(당해년가격),1050199,979187,958851,923625,959886,961185,811747
3006,용인시,부동산 및 임대업,산출액(당해년가격),2692508,2706305,2493659,2322963,2212967,2165613,1950973
3015,용인시,사업서비스업,산출액(당해년가격),4283939,4151805,4131808,3433875,3338414,4211535,3665641
3024,용인시,"공공행정, 국방 및  사회보장행정",산출액(당해년가격),1208279,1176589,1083910,1013042,979968,916241,891425
3033,용인시,교육서비스업,산출액(당해년가격),2216547,2145392,1985646,2187175,1814258,2518776,2363052
3042,용인시,보건 및 사회복지사업,산출액(당해년가격),1733763,1565302,1474030,1390520,1254273,1242460,1000346
3051,용인시,문화 및 기타서비스업,산출액(당해년가격),1797866,1715414,1630779,1541143,1473508,1616721,1490376
3060,파주시,총부가가치(기초가격),산출액(당해년가격),36027457,36571481,32534501,33819803,31715299,29565427,27597078
3069,파주시,농림어업,산출액(당해년가격),394760,359929,373057,335989,311783,224934,283516
3078,파주시,광업,산출액(당해년가격),16648,13915,763,15795,13144,33762,41060
3087,파주시,제조업,산출액(당해년가격),23712748,25040856,21950959,23630021,22368217,20799220,19584928
3096,파주시,"전기, 가스, 증기 및 수도사업",산출액(당해년가격),341603,409521,428151,585763,587761,394287,331476
3105,파주시,건설업,산출액(당해년가격),1366207,1149823,915313,829121,764835,781961,873419
3114,파주시,도매 및 소매업,산출액(당해년가격),1428178,1293541,1179455,1140166,1127271,1025517,858537
3123,파주시,운수업,산출액(당해년가격),1032541,1002264,982390,981978,942955,789603,683015
3132,파주시,숙박 및 음식점업,산출액(당해년가격),667229,613682,569467,536074,526354,518432,430694
3141,파주시,"출판, 영상, 방송통신 및 정보서비스업",산출액(당해년가격),2275763,2118417,2012518,1793509,1614199,1477366,1504227
3150,파주시,금융 및 보험업,산출액(당해년가격),487092,488031,441880,464012,469455,464858,387827
3159,파주시,부동산 및 임대업,산출액(당해년가격),1055449,1020118,906573,831678,766524,748538,675084
3168,파주시,사업서비스업,산출액(당해년가격),619401,579050,423833,418567,365186,448470,332630
3177,파주시,"공공행정, 국방 및  사회보장행정",산출액(당해년가격),649200,611110,610719,617652,600086,618149,557811
3186,파주시,교육서비스업,산출액(당해년가격),646562,632470,575647,539778,198460,268214,214429
3195,파주시,보건 및 사회복지사업,산출액(당해년가격),697988,641388,578149,550019,526632,480596,397880
3204,파주시,문화 및 기타서비스업,산출액(당해년가격),636089,597365,585627,549681,532437,491519,440544
3213,이천시,총부가가치(기초가격),산출액(당해년가격),29358640,27695265,25502158,24612711,23137986,23990847,18432308
3222,이천시,농림어업,산출액(당해년가격),628501,607477,635940,580873,521747,426158,505563
3231,이천시,광업,산출액(당해년가격),46,0,51,0,0,0,0
3240,이천시,제조업,산출액(당해년가격),20179818,19963414,17902543,17221880,16117564,17413703,12144788
3249,이천시,"전기, 가스, 증기 및 수도사업",산출액(당해년가격),567759,242244,270899,428945,407610,320892,298620
3258,이천시,건설업,산출액(당해년가격),1434504,941805,861485,782831,871441,932562,859274
3267,이천시,도매 및 소매업,산출액(당해년가격),793584,752601,747202,745836,687166,607282,546479
3276,이천시,운수업,산출액(당해년가격),1077594,761882,718737,706485,564411,547540,509269
3285,이천시,숙박 및 음식점업,산출액(당해년가격),433755,420680,414530,383846,371522,354729,314444
3294,이천시,"출판, 영상, 방송통신 및 정보서비스업",산출액(당해년가격),204149,221022,209957,204973,188840,155766,162801
3303,이천시,금융 및 보험업,산출액(당해년가격),442999,420832,418331,420030,424910,438165,377108
3312,이천시,부동산 및 임대업,산출액(당해년가격),663148,617617,590265,570385,539151,514136,917977
3321,이천시,사업서비스업,산출액(당해년가격),1125645,1063092,1042769,894027,805678,744205,449542
3330,이천시,"공공행정, 국방 및  사회보장행정",산출액(당해년가격),466569,433588,442888,472597,441495,392528,413710
3339,이천시,교육서비스업,산출액(당해년가격),397355,367862,380702,384900,437845,445084,289797
3348,이천시,보건 및 사회복지사업,산출액(당해년가격),427584,385909,374274,346858,321660,300573,269939
3357,이천시,문화 및 기타서비스업,산출액(당해년가격),515630,495241,491585,468247,436946,397524,372997
3366,안성시,총부가가치(기초가격),산출액(당해년가격),17398812,16897445,16151672,16981269,15810917,16575852,14022042
3375,안성시,농림어업,산출액(당해년가격),773164,860669,849314,783823,709618,648847,577382
3384,안성시,광업,산출액(당해년가격),25549,21666,26061,20490,17245,13547,16566
3393,안성시,제조업,산출액(당해년가격),10969656,10752421,10171900,11013993,10284593,11230249,9135205
3402,안성시,"전기, 가스, 증기 및 수도사업",산출액(당해년가격),237107,225756,287194,355148,381990,286754,162212
3411,안성시,건설업,산출액(당해년가격),846993,716743,613597,699895,622776,705808,632708
3420,안성시,도매 및 소매업,산출액(당해년가격),639592,592056,560286,569152,531881,511781,457791
3429,안성시,운수업,산출액(당해년가격),471812,433857,481059,348260,368067,442439,409495
3438,안성시,숙박 및 음식점업,산출액(당해년가격),340617,325340,329168,317740,321832,303534,271731
3447,안성시,"출판, 영상, 방송통신 및 정보서비스업",산출액(당해년가격),287029,309078,261166,244569,222749,236501,98219
3456,안성시,금융 및 보험업,산출액(당해년가격),265937,267903,284367,270490,272461,273880,230208
3465,안성시,부동산 및 임대업,산출액(당해년가격),350106,360763,345806,340956,316452,293068,428437
3474,안성시,사업서비스업,산출액(당해년가격),497986,408147,390206,463268,445230,325971,305650
3483,안성시,"공공행정, 국방 및  사회보장행정",산출액(당해년가격),466881,464104,372958,376674,376193,413058,450182
3492,안성시,교육서비스업,산출액(당해년가격),429470,414444,434777,429107,241960,194952,197037
3501,안성시,보건 및 사회복지사업,산출액(당해년가격),389576,365677,341995,366998,337657,332950,315926
3510,안성시,문화 및 기타서비스업,산출액(당해년가격),407336,378822,401817,380705,360211,362511,333295
3519,김포시,총부가가치(기초가격),산출액(당해년가격),19663055,18407697,17392228,16968044,16098474,17609316,14059533
3528,김포시,농림어업,산출액(당해년가격),304652,276616,303326,277837,248468,184529,203741
3537,김포시,광업,산출액(당해년가격),841,1711,1781,12038,8622,28698,34448
3546,김포시,제조업,산출액(당해년가격),11221721,10812982,10253275,10413230,10154423,12180765,8974486
3555,김포시,"전기, 가스, 증기 및 수도사업",산출액(당해년가격),327584,351520,344985,484292,492501,411356,240522
3564,김포시,건설업,산출액(당해년가격),1213907,915656,820363,715807,762356,770769,876536
3573,김포시,도매 및 소매업,산출액(당해년가격),1306230,1157035,1040625,945070,873091,807150,722827
3582,김포시,운수업,산출액(당해년가격),646081,591169,621068,480194,429254,409750,399096
3591,김포시,숙박 및 음식점업,산출액(당해년가격),533055,480661,447496,389322,357602,347829,306693
3600,김포시,"출판, 영상, 방송통신 및 정보서비스업",산출액(당해년가격),319224,238720,268848,225936,204625,182532,185225
3609,김포시,금융 및 보험업,산출액(당해년가격),459075,442487,413888,389242,400475,368935,302896
3618,김포시,부동산 및 임대업,산출액(당해년가격),902920,855206,815740,646861,600462,570137,436232
3627,김포시,사업서비스업,산출액(당해년가격),336100,323917,288310,276335,251728,206062,222193
3636,김포시,"공공행정, 국방 및  사회보장행정",산출액(당해년가격),459742,448453,393937,444522,415244,346131,404413
3645,김포시,교육서비스업,산출액(당해년가격),581313,547713,497793,447573,136801,123239,143236
3654,김포시,보건 및 사회복지사업,산출액(당해년가격),594265,533199,474700,437046,397833,343428,301345
3663,김포시,문화 및 기타서비스업,산출액(당해년가격),456345,430652,406092,382741,364990,328008,305642
3672,화성시,총부가가치(기초가격),산출액(당해년가격),134931666,126109969,113183790,99677290,94018890,82703756,71194254
3681,화성시,농림어업,산출액(당해년가격),696583,853728,796319,744280,690137,711589,648697
3690,화성시,광업,산출액(당해년가격),87289,77333,79302,38419,34006,72757,123703
3699,화성시,제조업,산출액(당해년가격),112944752,106045971,94203590,82745124,78040042,68080420,58100066
3708,화성시,"전기, 가스, 증기 및 수도사업",산출액(당해년가격),435710,331239,467518,737969,729956,527423,331075
3717,화성시,건설업,산출액(당해년가격),4032316,3499199,3458415,2732555,2168561,2586990,2246963
3726,화성시,도매 및 소매업,산출액(당해년가격),2496402,2287983,2095424,1937862,1840762,1679014,1434946
3735,화성시,운수업,산출액(당해년가격),1408953,1409849,1073302,1016233,902198,799327,792403
3744,화성시,숙박 및 음식점업,산출액(당해년가격),1136605,1019345,978825,885005,853165,807524,684487
3753,화성시,"출판, 영상, 방송통신 및 정보서비스업",산출액(당해년가격),431832,333202,332859,300471,268643,385686,339056
3762,화성시,금융 및 보험업,산출액(당해년가격),659331,662168,670485,582764,603523,607007,476097
3771,화성시,부동산 및 임대업,산출액(당해년가격),2134277,1868903,1759698,1577321,1504454,1422409,1238748
3780,화성시,사업서비스업,산출액(당해년가격),4187993,3870891,3498767,2751164,2571761,1808065,1814235
3789,화성시,"공공행정, 국방 및  사회보장행정",산출액(당해년가격),765126,695226,790205,779083,735464,632315,499706
3798,화성시,교육서비스업,산출액(당해년가격),1270376,1202478,1099205,1050145,1397621,1081342,1169545
3807,화성시,보건 및 사회복지사업,산출액(당해년가격),1031278,896580,832588,821685,719269,651567,530756
3816,화성시,문화 및 기타서비스업,산출액(당해년가격),1212843,1055872,1047289,977211,959328,850321,763772
3825,광주시,총부가가치(기초가격),산출액(당해년가격),16730479,15644166,14582474,13716254,12915102,12399067,12047208
3834,광주시,농림어업,산출액(당해년가격),122948,140187,155498,142149,125768,99918,104460
3843,광주시,광업,산출액(당해년가격),14039,12335,9416,10672,8622,12872,11681
3852,광주시,제조업,산출액(당해년가격),7611205,7473785,6998267,6728548,6310545,6361373,6085812
3861,광주시,"전기, 가스, 증기 및 수도사업",산출액(당해년가격),537570,512691,466290,322862,329601,298703,137521
3870,광주시,건설업,산출액(당해년가격),1699470,1294573,1079571,1029711,972592,943267,959011
3879,광주시,도매 및 소매업,산출액(당해년가격),1545744,1430840,1352660,1241887,1240840,1083600,1020950
3888,광주시,운수업,산출액(당해년가격),1042372,968015,911647,802399,816808,746466,740505
3897,광주시,숙박 및 음식점업,산출액(당해년가격),478433,430283,434364,399195,401530,380349,342396
3906,광주시,"출판, 영상, 방송통신 및 정보서비스업",산출액(당해년가격),135661,141730,122902,104815,91789,141725,178946
3915,광주시,금융 및 보험업,산출액(당해년가격),278798,285540,254375,268291,270083,272578,221260
3924,광주시,부동산 및 임대업,산출액(당해년가격),749534,680371,622101,576758,550699,491203,762000
3933,광주시,사업서비스업,산출액(당해년가격),354126,306693,276123,300718,273172,177690,179145
3942,광주시,"공공행정, 국방 및  사회보장행정",산출액(당해년가격),583241,532951,550113,538106,541727,487991,447679
3951,광주시,교육서비스업,산출액(당해년가격),417490,394765,388711,370654,148455,106270,115486
3960,광주시,보건 및 사회복지사업,산출액(당해년가격),556475,476665,426104,370526,354776,320607,292522
3969,광주시,문화 및 기타서비스업,산출액(당해년가격),603373,562744,534331,508964,478095,474456,447833
3978,양주시,총부가가치(기초가격),산출액(당해년가격),11886135,11347960,11340924,10748153,10176963,9112402,9254789
3987,양주시,농림어업,산출액(당해년가격),477509,519833,533436,491061,443936,199694,386682
3996,양주시,광업,산출액(당해년가격),40673,37990,37157,14087,11905,34269,45695
4005,양주시,제조업,산출액(당해년가격),6162775,6016851,5981077,5691230,5537065,5218417,5256324
4014,양주시,"전기, 가스, 증기 및 수도사업",산출액(당해년가격),204196,236414,240194,267514,273016,192876,88490
4023,양주시,건설업,산출액(당해년가격),919529,696431,712244,670481,609141,642794,871741
4032,양주시,도매 및 소매업,산출액(당해년가격),765306,712382,692558,664390,619701,562603,539546
4041,양주시,운수업,산출액(당해년가격),345189,341427,330702,309645,319871,377785,290590
4050,양주시,숙박 및 음식점업,산출액(당해년가격),317742,298672,294133,284395,284081,277362,256362
4059,양주시,"출판, 영상, 방송통신 및 정보서비스업",산출액(당해년가격),371381,395070,532575,461188,418312,47827,35879
4068,양주시,금융 및 보험업,산출액(당해년가격),177062,169002,154403,156137,162179,168408,127899
4077,양주시,부동산 및 임대업,산출액(당해년가격),466713,398415,346682,340956,301881,282668,330649
4086,양주시,사업서비스업,산출액(당해년가격),252366,237132,242722,219443,193378,139480,136098
4095,양주시,"공공행정, 국방 및  사회보장행정",산출액(당해년가격),344888,342003,333331,327542,312409,310820,290348
4104,양주시,교육서비스업,산출액(당해년가격),317960,311440,288879,258699,105091,83418,87735
4113,양주시,보건 및 사회복지사업,산출액(당해년가격),362376,317322,293821,279898,283835,277413,242796
4122,양주시,문화 및 기타서비스업,산출액(당해년가격),360471,317575,327011,311486,301163,296567,267954
4131,포천시,총부가가치(기초가격),산출액(당해년가격),11489730,10883175,10315425,9971340,9364877,8906936,8462994
4140,포천시,농림어업,산출액(당해년가격),827067,936393,927412,852895,791441,758482,849765
4149,포천시,광업,산출액(당해년가격),150781,134145,137806,112526,103256,56003,66514
4158,포천시,제조업,산출액(당해년가격),5523130,5133809,4792999,4605852,4398055,4090396,3743433
4167,포천시,"전기, 가스, 증기 및 수도사업",산출액(당해년가격),266941,235180,245384,237534,226019,262858,166294
4176,포천시,건설업,산출액(당해년가격),823812,720245,599736,634317,559557,557153,485979
4185,포천시,도매 및 소매업,산출액(당해년가격),758253,717533,693551,680734,667962,619359,561101
4194,포천시,운수업,산출액(당해년가격),348646,326004,285404,271757,309289,330303,232610
4203,포천시,숙박 및 음식점업,산출액(당해년가격),409198,378358,370725,356426,338334,336008,322107
4212,포천시,"출판, 영상, 방송통신 및 정보서비스업",산출액(당해년가격),170740,187114,166430,181680,168669,182532,192401
4221,포천시,금융 및 보험업,산출액(당해년가격),350219,329521,320358,290282,295166,315114,243941
4230,포천시,부동산 및 임대업,산출액(당해년가격),224376,227666,250008,242174,280161,269868,431952
4239,포천시,사업서비스업,산출액(당해년가격),202242,173682,176259,195060,178541,130886,95688
4248,포천시,"공공행정, 국방 및  사회보장행정",산출액(당해년가격),391804,409155,393937,390711,370769,341820,443746
4257,포천시,교육서비스업,산출액(당해년가격),309486,299358,279690,282301,97028,78278,61685
4266,포천시,보건 및 사회복지사업,산출액(당해년가격),327923,305556,291008,270636,238461,221487,214456
4275,포천시,문화 및 기타서비스업,산출액(당해년가격),405113,369457,384718,366454,342169,356389,351323
4284,여주시,총부가가치(기초가격),산출액(당해년가격),6429013,6307789,5892933,5859375,5507710,5895104,5708079
4293,여주시,농림어업,산출액(당해년가격),61053,69839,76006,59767,54247,429561,395154
4302,여주시,광업,산출액(당해년가격),1220,5329,9925,10203,8622,12281,14860
4311,여주시,제조업,산출액(당해년가격),2990808,3029059,2713863,2663384,2562662,2352473,2483322
4320,여주시,"전기, 가스, 증기 및 수도사업",산출액(당해년가격),184810,164541,202317,189105,178960,78516,99371
4329,여주시,건설업,산출액(당해년가격),439699,371679,295710,327646,281886,347673,406381
4338,여주시,도매 및 소매업,산출액(당해년가격),388302,371215,341907,369573,357680,360641,328327
4347,여주시,운수업,산출액(당해년가격),209274,199006,197238,195461,159464,182996,158441
4356,여주시,숙박 및 음식점업,산출액(당해년가격),216154,214391,210795,196209,198898,193233,177685
4365,여주시,"출판, 영상, 방송통신 및 정보서비스업",산출액(당해년가격),63151,46022,56330,58231,54372,96531,81625
4374,여주시,금융 및 보험업,산출액(당해년가격),181196,180165,183950,169331,174073,194234,180868
4383,여주시,부동산 및 임대업,산출액(당해년가격),269422,260648,226351,223055,193281,200268,297798
4392,여주시,사업서비스업,산출액(당해년가격),262600,228464,218236,247889,228413,288176,133220
4401,여주시,"공공행정, 국방 및  사회보장행정",산출액(당해년가격),393904,421732,459205,458559,440844,424554,332720
4410,여주시,교육서비스업,산출액(당해년가격),184532,191746,177934,172426,124131,172348,85880
4419,여주시,보건 및 사회복지사업,산출액(당해년가격),239287,228934,200429,213157,200711,201386,182377
4428,여주시,문화 및 기타서비스업,산출액(당해년가격),343602,325018,322736,305378,289467,360233,350048
4437,연천군,총부가가치(기초가격),산출액(당해년가격),2094743,2061606,2034699,2137618,1985689,1838943,1995228
4446,연천군,농림어업,산출액(당해년가격),76355,119642,101109,90459,80841,419752,477548
4455,연천군,광업,산출액(당해년가격),17700,14583,16288,10245,8622,5275,9821
4464,연천군,제조업,산출액(당해년가격),385459,418457,405655,360458,343734,216048,349659
4473,연천군,"전기, 가스, 증기 및 수도사업",산출액(당해년가격),182896,162533,197888,306718,302825,211652,94638
4482,연천군,건설업,산출액(당해년가격),324290,268720,240726,253389,217426,179068,219853
4491,연천군,도매 및 소매업,산출액(당해년가격),123728,117354,121476,127444,125005,112604,114087
4500,연천군,운수업,산출액(당해년가격),43648,47651,41285,39653,35099,36827,37869
4509,연천군,숙박 및 음식점업,산출액(당해년가격),88002,81642,82933,89398,87488,81829,79591
4518,연천군,"출판, 영상, 방송통신 및 정보서비스업",산출액(당해년가격),180206,170695,184353,204973,181239,48704,52025
4527,연천군,금융 및 보험업,산출액(당해년가격),86120,81934,75535,74770,78495,75957,62196
4536,연천군,부동산 및 임대업,산출액(당해년가격),70991,69467,69512,73290,83306,65067,87938
4545,연천군,사업서비스업,산출액(당해년가격),28028,33336,28887,36574,34162,18846,17986
4554,연천군,"공공행정, 국방 및  사회보장행정",산출액(당해년가격),244838,255233,243588,255015,244070,216383,255127
4563,연천군,교육서비스업,산출액(당해년가격),63337,61155,63202,61083,18565,11271,11595
4572,연천군,보건 및 사회복지사업,산출액(당해년가격),92988,77124,78906,74752,64511,64903,54212
4581,연천군,문화 및 기타서비스업,산출액(당해년가격),86157,82079,83356,79398,80301,74756,71081
4590,가평군,총부가가치(기초가격),산출액(당해년가격),2955535,2851487,2909688,2995852,2854783,2720253,2618440
4599,가평군,농림어업,산출액(당해년가격),309578,306970,329127,303682,273943,289043,284777
4608,가평군,광업,산출액(당해년가격),23225,23193,20105,20490,17245,46423,68323
4617,가평군,제조업,산출액(당해년가격),254942,231114,178619,148188,139096,147445,177602
4626,가평군,"전기, 가스, 증기 및 수도사업",산출액(당해년가격),255151,266821,367839,498129,473007,413063,316006
4635,가평군,건설업,산출액(당해년가격),424494,367943,367096,382133,376591,323587,364664
4644,가평군,도매 및 소매업,산출액(당해년가격),184188,177320,184399,181373,179236,168453,152322
4653,가평군,운수업,산출액(당해년가격),74980,76050,58812,59064,45262,45413,43363
4662,가평군,숙박 및 음식점업,산출액(당해년가격),324464,308092,308660,282555,279241,269083,236029
4671,가평군,"출판, 영상, 방송통신 및 정보서비스업",산출액(당해년가격),43231,44926,48649,55902,55249,75031,95976
4680,가평군,금융 및 보험업,산출액(당해년가격),95076,84166,95530,85765,86063,81600,80017
4689,가평군,부동산 및 임대업,산출액(당해년가격),121739,136891,136103,114714,122072,115467,91249
4698,가평군,사업서비스업,산출액(당해년가격),98969,79118,92417,150359,141137,98164,63432
4707,가평군,"공공행정, 국방 및  사회보장행정",산출액(당해년가격),249265,273095,268064,283090,269887,251694,277118
4716,가평군,교육서비스업,산출액(당해년가격),108642,101696,110138,100520,76701,58709,40892
4725,가평군,보건 및 사회복지사업,산출액(당해년가격),157615,153747,134674,128335,127005,122365,116949
4734,가평군,문화 및 기타서비스업,산출액(당해년가격),229976,220345,209458,201550,193049,214713,209720
4743,양평군,총부가가치(기초가격),산출액(당해년가격),3517172,3252371,3120770,3184206,2962104,2786651,2616725
4752,양평군,농림어업,산출액(당해년가격),434143,415834,477652,439370,401580,354103,407462
4761,양평군,광업,산출액(당해년가격),0,0,0,0,0,0,0
4770,양평군,제조업,산출액(당해년가격),133819,131008,128166,120153,123728,119815,150943
4779,양평군,"전기, 가스, 증기 및 수도사업",산출액(당해년가격),192180,168642,198036,274432,261158,201411,133792
4788,양평군,건설업,산출액(당해년가격),542893,434015,365016,433004,429398,409471,424123
4797,양평군,도매 및 소매업,산출액(당해년가격),282787,262182,255006,251095,237998,238543,222820
4806,양평군,운수업,산출액(당해년가격),112794,103811,85632,83354,83399,84515,73383
4815,양평군,숙박 및 음식점업,산출액(당해년가격),274557,256986,248484,246518,233515,235275,208729
4824,양평군,"출판, 영상, 방송통신 및 정보서비스업",산출액(당해년가격),90912,83712,74253,67548,58757,87756,78934
4833,양평군,금융 및 보험업,산출액(당해년가격),137791,125022,131520,134146,136447,146923,117144
4842,양평군,부동산 및 임대업,산출액(당해년가격),246043,222704,235113,210309,214726,221601,205336
4851,양평군,사업서비스업,산출액(당해년가격),109203,90008,84180,89403,88273,67824,50962
4860,양평군,"공공행정, 국방 및  사회보장행정",산출액(당해년가격),338515,389105,303029,327542,314145,262370,216331
4869,양평군,교육서비스업,산출액(당해년가격),167391,152637,153597,156284,47972,40563,32852
4878,양평군,보건 및 사회복지사업,산출액(당해년가격),259161,223194,190864,175965,163633,155811,140054
4887,양평군,문화 및 기타서비스업,산출액(당해년가격),194979,193510,190222,175084,167376,160670,153859
